model,song,pair,component,SI_SDR,SI_SAR_like,RMSE
demucs,AM Contra - Heart Peripheral,accompaniment,non_vocal,17.183002767029723,17.265295765621083,0.014142232440282579
demucs,Al James - Schoolboy Facination,accompaniment,non_vocal,8.783363606345677,9.323099968472693,0.02602416162817208
demucs,Angels In Amplifiers - I'm Alright,accompaniment,non_vocal,14.25282555074456,14.41295480938182,0.016922465078543343
demucs,Arise - Run Run Run,accompaniment,non_vocal,19.864120695011167,19.908700824806036,0.014245065188267307
demucs,BKS - Bulldozer,accompaniment,non_vocal,18.39805150504073,18.460404565925288,0.012411259721920477
demucs,BKS - Too Much,accompaniment,non_vocal,17.258627150205076,17.339512718465333,0.011989197037040671
demucs,Ben Carrigan - We'll Talk About It All Tonight,accompaniment,non_vocal,13.371170523321421,13.566542398539083,0.015570822863928472
demucs,Bobby Nobody - Stitch Up,accompaniment,non_vocal,15.56156491369713,15.680596615149087,0.013540675027642298
demucs,Buitraker - Revo X,accompaniment,non_vocal,15.402446796299536,15.525857963912873,0.018882063537208005
demucs,Carlos Gonzalez - A Place For Us,accompaniment,non_vocal,9.056432360345774,9.565128042859731,0.024741685330560117
demucs,Cristina Vane - So Easy,accompaniment,non_vocal,15.333310216759386,15.458673411743398,0.016113196674592007
demucs,Detsky Sad - Walkie Talkie,accompaniment,non_vocal,12.361135079593106,12.606243232802656,0.025659389833925544
demucs,Enda Reilly - Cur An Long Ag Seol,accompaniment,non_vocal,15.661990602637786,15.778337529791886,0.01648847333286884
demucs,Forkupines - Semantics,accompaniment,non_vocal,17.80587774840351,17.877265264539794,0.015719902524565812
demucs,Georgia Wonder - Siren,accompaniment,non_vocal,13.376286915072892,13.571433851164462,0.021047736108177995
demucs,Girls Under Glass - We Feel Alright,accompaniment,non_vocal,16.87730339987461,16.965537165397798,0.01605720843837271
demucs,Hollow Ground - Ill Fate,accompaniment,non_vocal,18.313187901839413,18.37676239678718,0.0159913025355058
demucs,James Elder & Mark M Thompson - The English Actor,accompaniment,non_vocal,11.566690502158089,11.859374434114223,0.021234232811428645
demucs,Juliet's Rescue - Heartbeats,accompaniment,non_vocal,18.0304477250087,18.09826560852634,0.013525170218991814
demucs,Little Chicago's Finest - My Own,accompaniment,non_vocal,16.13605018441708,16.24050918683445,0.007068624134572805
demucs,Louis Cressy Band - Good Time,accompaniment,non_vocal,16.306430945614753,16.406917327669312,0.011725603773641626
demucs,Lyndsey Ollard - Catching Up,accompaniment,non_vocal,11.153555691499758,11.474395320400205,0.012608915934823783
demucs,M.E.R.C. Music - Knockout,accompaniment,non_vocal,13.259911457617047,13.460237928801583,0.015405459113105913
demucs,Moosmusic - Big Dummy Shake,accompaniment,non_vocal,16.364303542329907,16.46347483106031,0.019114301789022615
demucs,Motor Tapes - Shore,accompaniment,non_vocal,12.741499233986078,12.966576646961858,0.02032389178802333
demucs,Mu - Too Bright,accompaniment,non_vocal,15.721760982901912,15.836538466706083,0.014899445367481893
demucs,Nerve 9 - Pray For The Rain,accompaniment,non_vocal,12.513933041146041,12.750794345870256,0.01951765848229912
demucs,PR - Happy Daze,accompaniment,non_vocal,26.63299027317807,26.64240947795303,0.030359594747303962
demucs,PR - Oh No,accompaniment,non_vocal,21.53064526287363,21.561067963375375,0.03947065669830995
demucs,Punkdisco - Oral Hygiene,accompaniment,non_vocal,19.242322741371872,19.293724669006835,0.012178493601286249
demucs,Raft Monk - Tiring,accompaniment,non_vocal,12.840812666546519,13.06092824601983,0.027725681101678803
demucs,Sambasevam Shanmugam - Kaathaadi,accompaniment,non_vocal,17.381202936915248,17.459857756849985,0.011574538479165012
demucs,Secretariat - Borderline,accompaniment,non_vocal,13.761767919823724,13.940676585766685,0.020377708266312616
demucs,Secretariat - Over The Top,accompaniment,non_vocal,18.497557756873007,18.558508281093705,0.01511793014746518
demucs,Side Effects Project - Sing With Me,accompaniment,non_vocal,15.139622652788704,15.270617983709947,0.01414937404139728
demucs,Signe Jakobsen - What Have You Done To Me,accompaniment,non_vocal,13.127656372618224,13.334032289939996,0.01844894782389003
demucs,Skelpolu - Resurrection,accompaniment,non_vocal,17.253184869413644,17.334170921644954,0.020521565875594165
demucs,Speak Softly - Broken Man,accompaniment,non_vocal,16.259174670114366,16.360747673887055,0.017963730299251298
demucs,Speak Softly - Like Horses,accompaniment,non_vocal,12.11123685958573,12.370437538844985,0.026787931461406993
demucs,The Doppler Shift - Atrophy,accompaniment,non_vocal,15.388789293916574,15.51258368260192,0.0179786721579836
demucs,The Easton Ellises (Baumi) - SDRNR,accompaniment,non_vocal,11.015774119025782,11.346571490947202,0.02855341226499119
demucs,The Easton Ellises - Falcon 69,accompaniment,non_vocal,10.913798448180113,11.252156660757853,0.034834657216681573
demucs,The Long Wait - Dark Horses,accompaniment,non_vocal,15.584104978706456,15.702528826017828,0.012571186918495627
demucs,The Mountaineering Club - Mallory,accompaniment,non_vocal,20.381108301523625,20.420708010225006,0.008662981798040065
demucs,The Sunshine Garcia Band - For I Am The Moon,accompaniment,non_vocal,14.487113724125011,14.63897867868649,0.01814686768179212
demucs,Timboz - Pony,accompaniment,non_vocal,14.268931406572776,14.428478679419229,0.018163700919329954
demucs,Tom McKenzie - Directions,accompaniment,non_vocal,19.204445526556416,19.25629504218468,0.010662950813463726
demucs,Triviul feat. The Fiend - Widow,accompaniment,non_vocal,11.528673620136443,11.82384536024138,0.01966596812687958
demucs,We Fell From The Sky - Not You,accompaniment,non_vocal,16.68443361815131,16.776631910934423,0.014755618747986692
demucs,Zeno - Signs,accompaniment,non_vocal,12.814042098634285,13.035484576381736,0.023343169482616125
demucs,AM Contra - Heart Peripheral,accompaniment,vocals,11.867016155161059,12.140747324263428,0.013859538299795754
demucs,Al James - Schoolboy Facination,accompaniment,vocals,7.647291661258171,8.336189806831166,0.026033865956049104
demucs,Angels In Amplifiers - I'm Alright,accompaniment,vocals,11.029700338532571,11.359477873011157,0.016876645414837257
demucs,Arise - Run Run Run,accompaniment,vocals,11.51578481284388,11.811804620390323,0.013812656000137946
demucs,BKS - Bulldozer,accompaniment,vocals,3.2579733754615403,4.9378874700950375,0.012216202264578853
demucs,BKS - Too Much,accompaniment,vocals,12.50460029426316,12.741957473721506,0.011821494338415152
demucs,Ben Carrigan - We'll Talk About It All Tonight,accompaniment,vocals,5.285850544139579,6.412182051874833,0.015580814419100622
demucs,Bobby Nobody - Stitch Up,accompaniment,vocals,9.606192145427292,10.057432314165066,0.013272436554118399
demucs,Buitraker - Revo X,accompaniment,vocals,4.956213896047376,6.160084482963187,0.018534339565007406
demucs,Carlos Gonzalez - A Place For Us,accompaniment,vocals,7.795843797432173,8.463267259228616,0.023521601650653423
demucs,Cristina Vane - So Easy,accompaniment,vocals,10.640125781426795,10.999605008130493,0.01593041237036281
demucs,Detsky Sad - Walkie Talkie,accompaniment,vocals,4.632642866912581,5.917089351669691,0.02410584964585771
demucs,Enda Reilly - Cur An Long Ag Seol,accompaniment,vocals,11.703208895881176,11.987125161845748,0.016375689969526496
demucs,Forkupines - Semantics,accompaniment,vocals,7.568481738199093,8.269029879012141,0.01549868507143941
demucs,Georgia Wonder - Siren,accompaniment,vocals,5.4381148571790305,6.530129812717719,0.020970207917596538
demucs,Girls Under Glass - We Feel Alright,accompaniment,vocals,5.655803940030126,6.700355842628633,0.01552551548080679
demucs,Hollow Ground - Ill Fate,accompaniment,vocals,6.986625437491751,7.7789504834639285,0.015419926264782835
demucs,James Elder & Mark M Thompson - The English Actor,accompaniment,vocals,8.01406210764911,8.651061342235064,0.021173169073767508
demucs,Juliet's Rescue - Heartbeats,accompaniment,vocals,8.981279411230773,9.498346100106982,0.013273289348578316
demucs,Little Chicago's Finest - My Own,accompaniment,vocals,14.174581492028313,14.33756788790336,0.007024683701530816
demucs,Louis Cressy Band - Good Time,accompaniment,vocals,10.169530557867843,10.568316108318419,0.011498288707209984
demucs,Lyndsey Ollard - Catching Up,accompaniment,vocals,11.75628828063333,12.036864680307142,0.01254404138473
demucs,M.E.R.C. Music - Knockout,accompaniment,vocals,10.038380929805466,10.448832588448367,0.01529515811193476
demucs,Moosmusic - Big Dummy Shake,accompaniment,vocals,10.898181175350267,11.237711885637463,0.018887426413245808
demucs,Motor Tapes - Shore,accompaniment,vocals,9.131534461471842,9.63199253060877,0.019618840138964002
demucs,Mu - Too Bright,accompaniment,vocals,10.336669173487419,10.72104567509799,0.014733897131760723
demucs,Nerve 9 - Pray For The Rain,accompaniment,vocals,8.518899724610357,9.090387140667247,0.019449940187484884
demucs,PR - Happy Daze,accompaniment,vocals,-4.514058256748781,1.3151174654273516,0.0076880438282217346
demucs,PR - Oh No,accompaniment,vocals,0.653950995721033,3.3495726546876776,0.010611363254599226
demucs,Punkdisco - Oral Hygiene,accompaniment,vocals,9.008989136507768,9.522954352957083,0.009409114996118493
demucs,Raft Monk - Tiring,accompaniment,vocals,4.835299596301864,6.068753641814425,0.027350527945387688
demucs,Sambasevam Shanmugam - Kaathaadi,accompaniment,vocals,14.671350978772832,14.817012810127267,0.011423417288323797
demucs,Secretariat - Borderline,accompaniment,vocals,8.100828443718838,8.726092203320135,0.020177188648088856
demucs,Secretariat - Over The Top,accompaniment,vocals,10.110603575796457,10.514591147737708,0.014736144726247529
demucs,Side Effects Project - Sing With Me,accompaniment,vocals,12.873014648459367,13.091544385761873,0.01423178978259364
demucs,Signe Jakobsen - What Have You Done To Me,accompaniment,vocals,11.259454328727772,11.572837381739124,0.01831172280629611
demucs,Skelpolu - Resurrection,accompaniment,vocals,-2.12141173330419,2.0778579907080665,0.020669357070456338
demucs,Speak Softly - Broken Man,accompaniment,vocals,5.990663239246742,6.965767235592976,0.01781284351536149
demucs,Speak Softly - Like Horses,accompaniment,vocals,8.385479446579033,8.973640765134261,0.026799309079324003
demucs,The Doppler Shift - Atrophy,accompaniment,vocals,8.380992894390854,8.969722731402696,0.018128852507432076
demucs,The Easton Ellises (Baumi) - SDRNR,accompaniment,vocals,6.266146883665237,7.18723571822676,0.028538815193965585
demucs,The Easton Ellises - Falcon 69,accompaniment,vocals,3.860742660003353,5.356257235846794,0.03481554781974861
demucs,The Long Wait - Dark Horses,accompaniment,vocals,9.28302593012398,9.767249165118049,0.012436677648003398
demucs,The Mountaineering Club - Mallory,accompaniment,vocals,12.572416162844924,12.806192969856944,0.008365504625091728
demucs,The Sunshine Garcia Band - For I Am The Moon,accompaniment,vocals,10.321368087176676,10.707042718432845,0.01814934134104377
demucs,Timboz - Pony,accompaniment,vocals,4.570304083549171,5.870796594842826,0.017941149370436137
demucs,Tom McKenzie - Directions,accompaniment,vocals,10.817032484749234,11.162718736584935,0.01008574510265906
demucs,Triviul feat. The Fiend - Widow,accompaniment,vocals,9.789847333715247,10.223304773716338,0.019388743538692722
demucs,We Fell From The Sky - Not You,accompaniment,vocals,6.132903159390103,7.079773761269466,0.01458536671026869
demucs,Zeno - Signs,accompaniment,vocals,8.437409094561591,9.019027298596253,0.02316521528137206
demucs,AM Contra - Heart Peripheral,bass,non_vocal,22.934723477561437,22.95676337163141,0.0033579979361642834
demucs,Al James - Schoolboy Facination,bass,non_vocal,9.300329287251145,9.78273017267567,0.01776295754466695
demucs,Angels In Amplifiers - I'm Alright,bass,non_vocal,22.08280320735684,22.10960496117415,0.003573723700364124
demucs,Arise - Run Run Run,bass,non_vocal,26.20098312374445,26.2113862947299,0.0045214690706546325
demucs,BKS - Bulldozer,bass,non_vocal,22.29465801059778,22.320187457894896,0.00412513255591323
demucs,BKS - Too Much,bass,non_vocal,24.800991186935658,24.815345000606634,0.0034957459110888755
demucs,Ben Carrigan - We'll Talk About It All Tonight,bass,non_vocal,22.597482351228177,22.621297033845657,0.0031582579235700983
demucs,Bobby Nobody - Stitch Up,bass,non_vocal,25.367924291372223,25.38052403599351,0.00272923628790618
demucs,Buitraker - Revo X,bass,non_vocal,17.34981203023296,17.429032256027,0.008062498219342053
demucs,Carlos Gonzalez - A Place For Us,bass,non_vocal,11.703636937506975,11.98752611694244,0.005888777422344022
demucs,Cristina Vane - So Easy,bass,non_vocal,19.07912506022553,19.13248325939726,0.0045069231909955045
demucs,Detsky Sad - Walkie Talkie,bass,non_vocal,19.658116422402973,19.70485052081664,0.003039137536231755
demucs,Enda Reilly - Cur An Long Ag Seol,bass,non_vocal,21.37774288194466,21.40925180968432,0.004999944020407026
demucs,Forkupines - Semantics,bass,non_vocal,22.713772220808593,22.73695936252389,0.0031330825637980704
demucs,Georgia Wonder - Siren,bass,non_vocal,22.60934458703113,22.633094488727053,0.004558022822613726
demucs,Girls Under Glass - We Feel Alright,bass,non_vocal,18.048733773388815,18.116268912866936,0.0077021445040464905
demucs,Hollow Ground - Ill Fate,bass,non_vocal,23.226448648518865,23.247060094790545,0.0041864675387367
demucs,James Elder & Mark M Thompson - The English Actor,bass,non_vocal,11.773277503402378,12.05279296288111,0.008365547889048815
demucs,Juliet's Rescue - Heartbeats,bass,non_vocal,20.01396845595221,20.057044112217646,0.0034598889638061555
demucs,Little Chicago's Finest - My Own,bass,non_vocal,22.09303908686926,22.11977793989979,0.001566912757290541
demucs,Louis Cressy Band - Good Time,bass,non_vocal,25.02057689988444,25.03422411640392,0.0019198326523402736
demucs,Lyndsey Ollard - Catching Up,bass,non_vocal,29.485008181305346,29.489895145113646,0.0007910121457012688
demucs,M.E.R.C. Music - Knockout,bass,non_vocal,26.047730603611473,26.058506969322934,0.0016403912995170459
demucs,Moosmusic - Big Dummy Shake,bass,non_vocal,19.867319890841102,19.91186736091958,0.005832724573374503
demucs,Motor Tapes - Shore,bass,non_vocal,19.999722433700867,20.042938919797436,0.004410181580006732
demucs,Mu - Too Bright,bass,non_vocal,23.885982299359625,23.903695625303833,0.0015565891087085902
demucs,Nerve 9 - Pray For The Rain,bass,non_vocal,13.832751906299963,14.008818137676762,0.008580126080360496
demucs,PR - Happy Daze,bass,non_vocal,19.507290618018732,19.55566708863288,0.035336838045630356
demucs,PR - Oh No,bass,non_vocal,18.27147531528372,18.335658852906633,0.03502416701415861
demucs,Punkdisco - Oral Hygiene,bass,non_vocal,22.46825244148221,22.4927843814232,0.006070373220355736
demucs,Raft Monk - Tiring,bass,non_vocal,20.36228796897892,20.40205887197585,0.007509944836260149
demucs,Sambasevam Shanmugam - Kaathaadi,bass,non_vocal,22.466550127287338,22.49109165783155,0.0048849302064217495
demucs,Secretariat - Borderline,bass,non_vocal,18.588626926153243,18.64832131093805,0.004974197419445711
demucs,Secretariat - Over The Top,bass,non_vocal,25.205927715780597,25.21900559979773,0.004971164978570358
demucs,Side Effects Project - Sing With Me,bass,non_vocal,17.079053155922153,17.16332040577529,0.004370163453282055
demucs,Signe Jakobsen - What Have You Done To Me,bass,non_vocal,21.742943530051765,21.77191965771715,0.0033942602365764603
demucs,Skelpolu - Resurrection,bass,non_vocal,18.409960372479652,18.47214390468684,0.014529985841638246
demucs,Speak Softly - Broken Man,bass,non_vocal,34.48906341889007,34.49060796450923,0.0015729898901808894
demucs,Speak Softly - Like Horses,bass,non_vocal,31.45449921021963,31.45760505029247,0.0019353960651062078
demucs,The Doppler Shift - Atrophy,bass,non_vocal,17.119682604133537,17.20317268071857,0.005097635762165812
demucs,The Easton Ellises (Baumi) - SDRNR,bass,non_vocal,13.269216115138784,13.469123568593158,0.0116095364258382
demucs,The Easton Ellises - Falcon 69,bass,non_vocal,14.926390466899713,15.063874707148717,0.01202594751589561
demucs,The Long Wait - Dark Horses,bass,non_vocal,24.306826686680868,24.322907106156414,0.002889538984637029
demucs,The Mountaineering Club - Mallory,bass,non_vocal,24.445226520969268,24.460803476449303,0.003961443336339059
demucs,The Sunshine Garcia Band - For I Am The Moon,bass,non_vocal,17.59564766873192,17.670545504853155,0.0083673559275935
demucs,Timboz - Pony,bass,non_vocal,19.9628351851366,20.006418454658267,0.0029044859023119457
demucs,Tom McKenzie - Directions,bass,non_vocal,19.59904181868807,19.646412479545436,0.0051116492482537156
demucs,Triviul feat. The Fiend - Widow,bass,non_vocal,17.677553054688182,17.751063373366723,0.007384088925484622
demucs,We Fell From The Sky - Not You,bass,non_vocal,19.753626594566057,19.799349466626616,0.0026737719271067556
demucs,Zeno - Signs,bass,non_vocal,12.442831418652807,12.68349610431259,0.009035040759120089
demucs,AM Contra - Heart Peripheral,bass,vocals,24.455455771525166,24.470996146143715,0.003352116422199007
demucs,Al James - Schoolboy Facination,bass,vocals,11.300221008733898,11.610778361143517,0.017900275419881508
demucs,Angels In Amplifiers - I'm Alright,bass,vocals,24.64839306652937,24.663259318178593,0.0036482108933102264
demucs,Arise - Run Run Run,bass,vocals,21.572509534379904,21.6026413911221,0.004475693431262565
demucs,BKS - Bulldozer,bass,vocals,14.110323511169572,14.275693696817918,0.004159924061657386
demucs,BKS - Too Much,bass,vocals,23.24037312638867,23.260918749282645,0.0035203385257249506
demucs,Ben Carrigan - We'll Talk About It All Tonight,bass,vocals,20.046236752195284,20.08899510480726,0.003226113330743583
demucs,Bobby Nobody - Stitch Up,bass,vocals,23.47961167821981,23.499058580665007,0.002824133495791638
demucs,Buitraker - Revo X,bass,vocals,13.393764430639903,13.588144886334428,0.007846544813126367
demucs,Carlos Gonzalez - A Place For Us,bass,vocals,20.32414893761285,20.3642690248704,0.005981554353484519
demucs,Cristina Vane - So Easy,bass,vocals,21.943923770928645,21.971593678238076,0.004504543563779011
demucs,Detsky Sad - Walkie Talkie,bass,vocals,23.143683479581753,23.16469053529433,0.0030203017423270553
demucs,Enda Reilly - Cur An Long Ag Seol,bass,vocals,22.176571146786262,22.202802155160285,0.005051387754256828
demucs,Forkupines - Semantics,bass,vocals,22.08064331761916,22.10745836307141,0.003148151275449065
demucs,Georgia Wonder - Siren,bass,vocals,19.49341406253416,19.541944490821706,0.004673520904451356
demucs,Girls Under Glass - We Feel Alright,bass,vocals,12.730526705353205,12.956158961262412,0.007553187539215408
demucs,Hollow Ground - Ill Fate,bass,vocals,19.178108615679303,19.230271631037862,0.004125588493809914
demucs,James Elder & Mark M Thompson - The English Actor,bass,vocals,16.582442556316845,16.676808054581954,0.008408635942139208
demucs,Juliet's Rescue - Heartbeats,bass,vocals,21.022350012409902,21.056535275433642,0.0035072467455461334
demucs,Little Chicago's Finest - My Own,bass,vocals,28.61574776124529,28.621716891345677,0.0013577547367965462
demucs,Louis Cressy Band - Good Time,bass,vocals,26.010518521067407,26.021387503750248,0.0019372750451713341
demucs,Lyndsey Ollard - Catching Up,bass,vocals,35.73970386788835,35.740861994437374,0.0008217435575730824
demucs,M.E.R.C. Music - Knockout,bass,vocals,29.531474785611795,29.53630976983421,0.0016984667640827613
demucs,Moosmusic - Big Dummy Shake,bass,vocals,21.419312849767028,21.450522693891436,0.005827183415439579
demucs,Motor Tapes - Shore,bass,vocals,22.635007274739504,22.658617630508992,0.004382291535577816
demucs,Mu - Too Bright,bass,vocals,29.781485894968803,29.78605054482541,0.0016377225622473228
demucs,Nerve 9 - Pray For The Rain,bass,vocals,16.07880745696852,16.184635657265627,0.00860716682386187
demucs,PR - Happy Daze,bass,vocals,5.7108261948451595,6.743673953020243,0.005111258112254981
demucs,PR - Oh No,bass,vocals,3.040071479903484,4.791082888182309,0.011521730067733292
demucs,Punkdisco - Oral Hygiene,bass,vocals,15.111987491564452,15.243806470231968,0.004849558656012331
demucs,Raft Monk - Tiring,bass,vocals,17.124460919424024,17.207860062659098,0.007576650829569053
demucs,Sambasevam Shanmugam - Kaathaadi,bass,vocals,22.329672726836908,22.354997768657924,0.004796180965385889
demucs,Secretariat - Borderline,bass,vocals,20.86728506837464,20.902707914965987,0.004958931346969056
demucs,Secretariat - Over The Top,bass,vocals,20.22388851562397,20.26494116691562,0.0047964232765512526
demucs,Side Effects Project - Sing With Me,bass,vocals,21.96431273938774,21.991853458363416,0.00511283521979276
demucs,Signe Jakobsen - What Have You Done To Me,bass,vocals,25.845540174448153,25.85682944050603,0.0035363653465598204
demucs,Skelpolu - Resurrection,bass,vocals,3.0571695957814784,4.80251510831338,0.015113704595407949
demucs,Speak Softly - Broken Man,bass,vocals,28.160280746609217,28.16690939163341,0.0015508215863066436
demucs,Speak Softly - Like Horses,bass,vocals,31.997074454230805,31.999815648398062,0.001889965910257172
demucs,The Doppler Shift - Atrophy,bass,vocals,19.67637527787369,19.722914353375014,0.005273444866512166
demucs,The Easton Ellises (Baumi) - SDRNR,bass,vocals,14.713555572361818,14.857831863308792,0.011795668225454761
demucs,The Easton Ellises - Falcon 69,bass,vocals,14.39846693422039,14.553408348212322,0.012006549629413828
demucs,The Long Wait - Dark Horses,bass,vocals,22.50758784640482,22.53189921406861,0.0028608179856752145
demucs,The Mountaineering Club - Mallory,bass,vocals,19.50058084038909,19.549031693946727,0.0038502754536429815
demucs,The Sunshine Garcia Band - For I Am The Moon,bass,vocals,17.29706744701948,17.377246778754667,0.008425390332742838
demucs,Timboz - Pony,bass,vocals,21.610405758904548,21.640276729262297,0.0029211578469886643
demucs,Tom McKenzie - Directions,bass,vocals,16.490132078797686,16.586502481342023,0.005400432925326642
demucs,Triviul feat. The Fiend - Widow,bass,vocals,20.313875065481856,20.354089736443886,0.0060222023982247205
demucs,We Fell From The Sky - Not You,bass,vocals,21.420518127971352,21.45171934280624,0.002789524987228589
demucs,Zeno - Signs,bass,vocals,17.05121069008642,17.136014652406754,0.009099053906905637
demucs,AM Contra - Heart Peripheral,drums,non_vocal,17.44752746089318,17.525000776181464,0.009858146633585668
demucs,Al James - Schoolboy Facination,drums,non_vocal,4.943241068160936,6.150255910282968,0.021964285959281703
demucs,Angels In Amplifiers - I'm Alright,drums,non_vocal,14.1641232042606,14.32749526274437,0.009364008243577367
demucs,Arise - Run Run Run,drums,non_vocal,20.41493290673803,20.454226780504456,0.0046926211845242085
demucs,BKS - Bulldozer,drums,non_vocal,21.235906864103498,21.268457918110094,0.006547518659514792
demucs,BKS - Too Much,drums,non_vocal,16.961064765699486,17.047629777946195,0.007606113955898124
demucs,Ben Carrigan - We'll Talk About It All Tonight,drums,non_vocal,15.44789511079107,15.570039429291878,0.007717089241804472
demucs,Bobby Nobody - Stitch Up,drums,non_vocal,15.406319950940405,15.529622653256588,0.00632406885538489
demucs,Buitraker - Revo X,drums,non_vocal,17.80709159965802,17.878459328826924,0.010882953487285173
demucs,Carlos Gonzalez - A Place For Us,drums,non_vocal,12.44764936819777,12.688054465779533,0.010516819033237451
demucs,Cristina Vane - So Easy,drums,non_vocal,22.64397310541176,22.6675349006995,0.005319751495007033
demucs,Detsky Sad - Walkie Talkie,drums,non_vocal,11.588341606229921,11.879617770846762,0.02318188603250699
demucs,Enda Reilly - Cur An Long Ag Seol,drums,non_vocal,24.28705294855478,24.303206613955126,0.003855586968592369
demucs,Forkupines - Semantics,drums,non_vocal,22.36097468600039,22.386118378199612,0.007649591915506705
demucs,Georgia Wonder - Siren,drums,non_vocal,16.99625103759743,17.082124399283426,0.008344381595895815
demucs,Girls Under Glass - We Feel Alright,drums,non_vocal,23.431513455006275,23.451176439902788,0.00520689882476358
demucs,Hollow Ground - Ill Fate,drums,non_vocal,15.708275736362227,15.823405478981847,0.00822310074381045
demucs,James Elder & Mark M Thompson - The English Actor,drums,non_vocal,12.301884626645938,12.55026520417065,0.01083967498915136
demucs,Juliet's Rescue - Heartbeats,drums,non_vocal,22.300661880349303,22.326156162363024,0.006532296523422632
demucs,Little Chicago's Finest - My Own,drums,non_vocal,17.93909409462713,18.0083422000511,0.004911095073667683
demucs,Louis Cressy Band - Good Time,drums,non_vocal,17.712456581581645,17.785383390474724,0.006476368310207194
demucs,Lyndsey Ollard - Catching Up,drums,non_vocal,14.08435037160455,14.250693765369224,0.00534696297603771
demucs,M.E.R.C. Music - Knockout,drums,non_vocal,16.26826165592449,16.369624813403863,0.007453813125119923
demucs,Moosmusic - Big Dummy Shake,drums,non_vocal,17.883874813638425,17.954001893948227,0.011869985430339562
demucs,Motor Tapes - Shore,drums,non_vocal,21.268105081741684,21.300416589655033,0.0023683979804218474
demucs,Mu - Too Bright,drums,non_vocal,20.335441835697164,20.37545821330419,0.007417657520480003
demucs,Nerve 9 - Pray For The Rain,drums,non_vocal,14.958483626603744,15.094971380948579,0.007357486768904583
demucs,PR - Happy Daze,drums,non_vocal,29.543576327738556,29.548397865576757,0.02642473790333228
demucs,PR - Oh No,drums,non_vocal,21.210813551571146,21.243552519113255,0.07679840829988811
demucs,Punkdisco - Oral Hygiene,drums,non_vocal,16.219421490876663,16.321917576304074,0.011655337146017658
demucs,Raft Monk - Tiring,drums,non_vocal,17.808898933337314,17.880237211271307,0.008357309282262203
demucs,Sambasevam Shanmugam - Kaathaadi,drums,non_vocal,19.345369093530177,19.395572687004265,0.0037295828341783518
demucs,Secretariat - Borderline,drums,non_vocal,15.742658157472198,15.85689186973985,0.005722016937887623
demucs,Secretariat - Over The Top,drums,non_vocal,19.311850714689992,19.36244101637736,0.006733584628757433
demucs,Side Effects Project - Sing With Me,drums,non_vocal,17.353267096440273,17.432424893643763,0.009978923228962582
demucs,Signe Jakobsen - What Have You Done To Me,drums,non_vocal,13.43354304191002,13.626189955516706,0.00856888280605583
demucs,Skelpolu - Resurrection,drums,non_vocal,16.007649761643027,16.115204732790765,0.03157978132517281
demucs,Speak Softly - Broken Man,drums,non_vocal,16.79178794736727,16.881758261082698,0.007561588332756213
demucs,Speak Softly - Like Horses,drums,non_vocal,12.359811136237674,12.604991951498432,0.009765180809700466
demucs,The Doppler Shift - Atrophy,drums,non_vocal,19.713272289897528,19.759419735536476,0.008390934037688287
demucs,The Easton Ellises (Baumi) - SDRNR,drums,non_vocal,14.286219004098156,14.445143899547546,0.059650610679893495
demucs,The Easton Ellises - Falcon 69,drums,non_vocal,16.12163619900283,16.226438314205332,0.013118195028055332
demucs,The Long Wait - Dark Horses,drums,non_vocal,16.913353140355987,17.00086482925158,0.0048741832289482725
demucs,The Mountaineering Club - Mallory,drums,non_vocal,21.56407880541655,21.594269009312477,0.0042884501266234705
demucs,The Sunshine Garcia Band - For I Am The Moon,drums,non_vocal,15.02930575057719,15.163619581673995,0.012167005298304598
demucs,Timboz - Pony,drums,non_vocal,13.071419735647517,13.280421682892285,0.009817748223128388
demucs,Tom McKenzie - Directions,drums,non_vocal,22.363492937678014,22.388622096648916,0.005826634748698247
demucs,Triviul feat. The Fiend - Widow,drums,non_vocal,11.261926400374945,11.575137400359523,0.010257140191533811
demucs,We Fell From The Sky - Not You,drums,non_vocal,20.85479868155919,20.89032310281173,0.006642969776893394
demucs,Zeno - Signs,drums,non_vocal,16.26745419679979,16.368835983620478,0.009292332628253868
demucs,AM Contra - Heart Peripheral,drums,vocals,15.03094803459362,15.16521186146668,0.009783008822291906
demucs,Al James - Schoolboy Facination,drums,vocals,9.278221297131225,9.762951698202487,0.022119183161889825
demucs,Angels In Amplifiers - I'm Alright,drums,vocals,16.37234847748364,16.471338305777834,0.009371785599972279
demucs,Arise - Run Run Run,drums,vocals,21.198116968525085,21.230951426936635,0.004667817963605094
demucs,BKS - Bulldozer,drums,vocals,9.827344251685117,10.257253811215598,0.006598329188904222
demucs,BKS - Too Much,drums,vocals,16.484827294356492,16.58131418375747,0.007596473508016862
demucs,Ben Carrigan - We'll Talk About It All Tonight,drums,vocals,12.208939935080176,12.462539576496475,0.007765169200283251
demucs,Bobby Nobody - Stitch Up,drums,vocals,16.427828466054574,16.525575802326884,0.0063014119831381376
demucs,Buitraker - Revo X,drums,vocals,10.565895342109918,10.931318053258732,0.010651673248877247
demucs,Carlos Gonzalez - A Place For Us,drums,vocals,15.33250124984918,15.457887464695672,0.010507758325561766
demucs,Cristina Vane - So Easy,drums,vocals,20.593376549478585,20.63109547780103,0.005255829757335935
demucs,Detsky Sad - Walkie Talkie,drums,vocals,5.522045378994232,6.595540254926037,0.022158736699500137
demucs,Enda Reilly - Cur An Long Ag Seol,drums,vocals,24.47748768333653,24.492949560538083,0.0038815891518606833
demucs,Forkupines - Semantics,drums,vocals,14.245234611256308,14.405638890922019,0.007640888262425987
demucs,Georgia Wonder - Siren,drums,vocals,14.282496618261327,14.441555323071011,0.008407650364066304
demucs,Girls Under Glass - We Feel Alright,drums,vocals,15.970595134789743,16.079060292691505,0.005271952005774915
demucs,Hollow Ground - Ill Fate,drums,vocals,13.045684950581823,13.255899463090689,0.008207147106374473
demucs,James Elder & Mark M Thompson - The English Actor,drums,vocals,14.25306223396773,14.413182924977917,0.010910388146575897
demucs,Juliet's Rescue - Heartbeats,drums,vocals,15.577624687676364,15.696222979360543,0.0065016365132159045
demucs,Little Chicago's Finest - My Own,drums,vocals,17.335559636509746,17.41503790079908,0.004924580640291486
demucs,Louis Cressy Band - Good Time,drums,vocals,15.499406590168368,15.6201305498656,0.006416942052028064
demucs,Lyndsey Ollard - Catching Up,drums,vocals,19.313678780271054,19.364247915055678,0.005398783702986653
demucs,M.E.R.C. Music - Knockout,drums,vocals,16.588091171324287,16.682335334940774,0.007458813225174049
demucs,Moosmusic - Big Dummy Shake,drums,vocals,15.168184064909436,15.298333468834386,0.01186073907511102
demucs,Motor Tapes - Shore,drums,vocals,28.008293561143613,28.015158104981914,0.0023645908958108675
demucs,Mu - Too Bright,drums,vocals,16.528260942139006,16.623798162025032,0.007453126322108732
demucs,Nerve 9 - Pray For The Rain,drums,vocals,17.418748048770233,17.49673186445153,0.007403774696788311
demucs,PR - Happy Daze,drums,vocals,2.46893758991188,4.4179028510624265,0.00539534838368158
demucs,PR - Oh No,drums,vocals,2.719721034800448,4.579669288083387,0.00922010270979812
demucs,Punkdisco - Oral Hygiene,drums,vocals,11.302645404955689,11.613035489351022,0.007405368884450679
demucs,Raft Monk - Tiring,drums,vocals,16.2496693554368,16.351462325478202,0.008362106185826553
demucs,Sambasevam Shanmugam - Kaathaadi,drums,vocals,24.522117162439564,24.537421240298332,0.0037304207972122826
demucs,Secretariat - Borderline,drums,vocals,19.617107533893662,19.664282616426917,0.005717445546298514
demucs,Secretariat - Over The Top,drums,vocals,17.255028135485876,17.335980140590905,0.00671779859961728
demucs,Side Effects Project - Sing With Me,drums,vocals,15.758357483315493,15.872184352037637,0.010323573499313041
demucs,Signe Jakobsen - What Have You Done To Me,drums,vocals,18.080113154002476,18.147165819858486,0.008589676113326405
demucs,Skelpolu - Resurrection,drums,vocals,6.483624588489193,7.3639850099561786,0.011441482203411305
demucs,Speak Softly - Broken Man,drums,vocals,14.375737800375134,14.531477832327171,0.007451969187870124
demucs,Speak Softly - Like Horses,drums,vocals,17.701058413652557,17.774175267892723,0.009703180306901305
demucs,The Doppler Shift - Atrophy,drums,vocals,15.300673703654601,15.42696891311395,0.008627885722866085
demucs,The Easton Ellises (Baumi) - SDRNR,drums,vocals,13.808633889796262,13.985660888423064,0.042250710400495925
demucs,The Easton Ellises - Falcon 69,drums,vocals,13.57177932850123,13.758518725856725,0.013159594021093178
demucs,The Long Wait - Dark Horses,drums,vocals,17.90590766840697,17.975682712775587,0.004831530887968487
demucs,The Mountaineering Club - Mallory,drums,vocals,18.727105613859916,18.784939033168634,0.004203792582374884
demucs,The Sunshine Garcia Band - For I Am The Moon,drums,vocals,14.183137048443236,14.345808611855496,0.011933923509655452
demucs,Timboz - Pony,drums,vocals,10.796790202465274,11.144028564320243,0.009781222824017466
demucs,Tom McKenzie - Directions,drums,vocals,15.71178095514451,15.826819032686682,0.0058943230037191785
demucs,Triviul feat. The Fiend - Widow,drums,vocals,15.563456028100855,15.682436612460585,0.010309584096939894
demucs,We Fell From The Sky - Not You,drums,vocals,13.763614427097133,13.94244858643988,0.006618141343738695
demucs,Zeno - Signs,drums,vocals,16.679282236506808,16.77158880043202,0.009489268877208733
demucs,AM Contra - Heart Peripheral,other,non_vocal,14.736150831346588,14.879690674974352,0.009750113368454109
demucs,Al James - Schoolboy Facination,other,non_vocal,1.9566846648190386,4.097919076449324,0.022547189870337343
demucs,Angels In Amplifiers - I'm Alright,other,non_vocal,12.170045306171737,12.425860444135523,0.014137423294207113
demucs,Arise - Run Run Run,other,non_vocal,18.157021720509007,18.22290629507753,0.01158068139889731
demucs,BKS - Bulldozer,other,non_vocal,12.8538075786554,13.073281855526094,0.010390996509005114
demucs,BKS - Too Much,other,non_vocal,11.300649862375767,11.611177620267451,0.00882354415202721
demucs,Ben Carrigan - We'll Talk About It All Tonight,other,non_vocal,8.728218393981015,9.274435635071873,0.01350809991088163
demucs,Bobby Nobody - Stitch Up,other,non_vocal,13.002827012796025,13.215076149698739,0.0115044144312246
demucs,Buitraker - Revo X,other,non_vocal,7.751959880770568,8.425661912455842,0.017074042606985102
demucs,Carlos Gonzalez - A Place For Us,other,non_vocal,6.698573697533839,7.5402827255065255,0.02286112920866097
demucs,Cristina Vane - So Easy,other,non_vocal,9.789667123101319,10.223141681300696,0.014766512503929052
demucs,Detsky Sad - Walkie Talkie,other,non_vocal,15.192382014005032,15.3218189398636,0.00874311468037125
demucs,Enda Reilly - Cur An Long Ag Seol,other,non_vocal,11.039772948771374,11.368814737952118,0.013838259098227498
demucs,Forkupines - Semantics,other,non_vocal,11.743076896645876,12.024481012028254,0.014101926261008715
demucs,Georgia Wonder - Siren,other,non_vocal,8.652264984417013,9.2075281829346,0.018856911910883394
demucs,Girls Under Glass - We Feel Alright,other,non_vocal,11.927276246461489,12.197350386845045,0.01369015589716406
demucs,Hollow Ground - Ill Fate,other,non_vocal,17.45975957881405,17.537016920377603,0.01415262465398578
demucs,James Elder & Mark M Thompson - The English Actor,other,non_vocal,9.122263472013245,9.623731584382583,0.02049704500838692
demucs,Juliet's Rescue - Heartbeats,other,non_vocal,13.61390582622689,13.798880457716486,0.011723852978650261
demucs,Little Chicago's Finest - My Own,other,non_vocal,7.899485017311324,8.552294633269204,0.005035715791581879
demucs,Louis Cressy Band - Good Time,other,non_vocal,14.89363774850766,15.032146336293335,0.008522069147067742
demucs,Lyndsey Ollard - Catching Up,other,non_vocal,8.153418390142297,8.771667316387596,0.010868135199918534
demucs,M.E.R.C. Music - Knockout,other,non_vocal,9.267517187454597,9.753379295805768,0.013665155006152074
demucs,Moosmusic - Big Dummy Shake,other,non_vocal,12.477656635806941,12.716451080203973,0.014663951550630298
demucs,Motor Tapes - Shore,other,non_vocal,11.113523329684154,11.437226026666371,0.019995721467814035
demucs,Mu - Too Bright,other,non_vocal,10.599857960731729,10.962549752512288,0.012381701621546502
demucs,Nerve 9 - Pray For The Rain,other,non_vocal,9.790485786144743,10.223882584751575,0.018442155112376877
demucs,PR - Happy Daze,other,non_vocal,10.299628889041015,10.687155064264813,0.029974297710313808
demucs,PR - Oh No,other,non_vocal,7.243575780710883,7.994092893145872,0.03972548921311634
demucs,Punkdisco - Oral Hygiene,other,non_vocal,11.743365651106012,12.024751650297477,0.005137944205323545
demucs,Raft Monk - Tiring,other,non_vocal,8.062561131159349,8.692975705711861,0.02615360398013987
demucs,Sambasevam Shanmugam - Kaathaadi,other,non_vocal,13.675311358180505,13.85774279299701,0.009339048833744914
demucs,Secretariat - Borderline,other,non_vocal,12.76949842384415,12.993166031705512,0.019125440066102378
demucs,Secretariat - Over The Top,other,non_vocal,13.869625836846076,14.044233024932218,0.012936849311255235
demucs,Side Effects Project - Sing With Me,other,non_vocal,2.639565370157313,4.527605186397991,0.009895103198408282
demucs,Signe Jakobsen - What Have You Done To Me,other,non_vocal,10.97540325742072,11.30917422755915,0.01715540459624173
demucs,Skelpolu - Resurrection,other,non_vocal,7.942278873231494,8.589141305575895,0.018850107633015457
demucs,Speak Softly - Broken Man,other,non_vocal,12.05894520395133,12.321192750179353,0.01565940455679433
demucs,Speak Softly - Like Horses,other,non_vocal,9.16071543753532,9.658006852386366,0.023933231494446518
demucs,The Doppler Shift - Atrophy,other,non_vocal,10.816284874136041,11.162028331511198,0.016211201834447533
demucs,The Easton Ellises (Baumi) - SDRNR,other,non_vocal,3.576776075128776,5.1569504704379545,0.02785126061829029
demucs,The Easton Ellises - Falcon 69,other,non_vocal,6.126176817734025,7.074365894862675,0.028948534401645732
demucs,The Long Wait - Dark Horses,other,non_vocal,12.501298532212989,12.73883138520539,0.01131519752489412
demucs,The Mountaineering Club - Mallory,other,non_vocal,13.942688780240571,14.114439899748563,0.006958294150909744
demucs,The Sunshine Garcia Band - For I Am The Moon,other,non_vocal,4.162247047091672,5.572066199306574,0.01467599298135454
demucs,Timboz - Pony,other,non_vocal,13.506410423350166,13.695920927866913,0.016254288142182285
demucs,Tom McKenzie - Directions,other,non_vocal,13.871738616258009,14.046262564862609,0.007475964224607677
demucs,Triviul feat. The Fiend - Widow,other,non_vocal,5.28602499926571,6.412316654204578,0.015946228744745754
demucs,We Fell From The Sky - Not You,other,non_vocal,13.361691126664093,13.557480428021256,0.013632826000647158
demucs,Zeno - Signs,other,non_vocal,10.46302890157631,10.836843810370834,0.021986186202477272
demucs,AM Contra - Heart Peripheral,other,vocals,15.218957668338032,15.347616534588964,0.009583669334961945
demucs,Al James - Schoolboy Facination,other,vocals,9.056853465408699,9.565502604434341,0.022605814087108884
demucs,Angels In Amplifiers - I'm Alright,other,vocals,12.644813609490155,12.874826176484282,0.014179121106539879
demucs,Arise - Run Run Run,other,vocals,13.206978523014964,13.409705106169984,0.01148686960766425
demucs,BKS - Bulldozer,other,vocals,5.203733694751312,6.348961695784102,0.010385449345948778
demucs,BKS - Too Much,other,vocals,15.159689485467258,15.290089916592937,0.00881301785286563
demucs,Ben Carrigan - We'll Talk About It All Tonight,other,vocals,6.819919610263127,7.6404937464965395,0.013525638399460523
demucs,Bobby Nobody - Stitch Up,other,vocals,11.045666929096111,11.374278930528677,0.011404126328609177
demucs,Buitraker - Revo X,other,vocals,5.954547595609002,6.9369388014962166,0.016912721603173756
demucs,Carlos Gonzalez - A Place For Us,other,vocals,8.698812598753575,9.248515509207104,0.02148044138538133
demucs,Cristina Vane - So Easy,other,vocals,11.36842803088205,11.674312564010833,0.014745020952700711
demucs,Detsky Sad - Walkie Talkie,other,vocals,13.776798470091425,13.955101535584491,0.008746420507631771
demucs,Enda Reilly - Cur An Long Ag Seol,other,vocals,13.25488709748569,13.455440187963092,0.013828843679298942
demucs,Forkupines - Semantics,other,vocals,8.536524351038498,9.105842521468194,0.01408258738716881
demucs,Georgia Wonder - Siren,other,vocals,6.591604188413762,7.45235198682844,0.018853473098379283
demucs,Girls Under Glass - We Feel Alright,other,vocals,7.2134865245909445,7.968792892917791,0.013407682063780587
demucs,Hollow Ground - Ill Fate,other,vocals,8.076213020468174,8.704785530357293,0.013859799047101997
demucs,James Elder & Mark M Thompson - The English Actor,other,vocals,8.339018840025133,8.933092374082259,0.02049601666088654
demucs,Juliet's Rescue - Heartbeats,other,vocals,10.26423886424264,10.654797425357959,0.011619021065551807
demucs,Little Chicago's Finest - My Own,other,vocals,17.093706495943643,17.177692629396017,0.005071105427416071
demucs,Louis Cressy Band - Good Time,other,vocals,12.961260544342128,13.175501344481866,0.008502945305327046
demucs,Lyndsey Ollard - Catching Up,other,vocals,13.083492697958336,13.291928149665875,0.01086113655784654
demucs,M.E.R.C. Music - Knockout,other,vocals,11.127538552873679,11.450236108600514,0.013633594824925134
demucs,Moosmusic - Big Dummy Shake,other,vocals,13.286921886354783,13.486034357888252,0.014584589886280811
demucs,Motor Tapes - Shore,other,vocals,9.289905681322084,9.773403578800124,0.019301466954773555
demucs,Mu - Too Bright,other,vocals,12.000217227910086,12.26592809149427,0.012321144821168398
demucs,Nerve 9 - Pray For The Rain,other,vocals,9.040573262928968,9.551024729360053,0.01844682489779453
demucs,PR - Happy Daze,other,vocals,7.368232167035767,8.09920299247395,0.0035358923836175922
demucs,PR - Oh No,other,vocals,-3.1544180918565408,1.7134026228396304,0.013174887757671684
demucs,Punkdisco - Oral Hygiene,other,vocals,14.795836516960627,14.93744876187153,0.005024991296214304
demucs,Raft Monk - Tiring,other,vocals,5.408118348920082,6.506820192067776,0.0260028237237543
demucs,Sambasevam Shanmugam - Kaathaadi,other,vocals,16.50220168409751,16.59830757017669,0.009305051710460007
demucs,Secretariat - Borderline,other,vocals,8.63854275457523,9.195455162108114,0.019113420335658337
demucs,Secretariat - Over The Top,other,vocals,11.352424192309392,11.659399007403206,0.012918424554302341
demucs,Side Effects Project - Sing With Me,other,vocals,16.021236296364133,16.128459429853557,0.010037558944401805
demucs,Signe Jakobsen - What Have You Done To Me,other,vocals,11.986749108328556,12.253260446797192,0.01693055842671183
demucs,Skelpolu - Resurrection,other,vocals,-0.39116905935429386,2.819118013941539,0.01889055034956655
demucs,Speak Softly - Broken Man,other,vocals,7.44600645180004,8.165020048380294,0.015508936967194971
demucs,Speak Softly - Like Horses,other,vocals,9.45373305379935,9.92025911613492,0.02399110968967755
demucs,The Doppler Shift - Atrophy,other,vocals,9.287611305840265,9.771350986879398,0.016528998050726478
demucs,The Easton Ellises (Baumi) - SDRNR,other,vocals,6.551941030567003,7.419846616767538,0.027867092120514005
demucs,The Easton Ellises - Falcon 69,other,vocals,5.914432952320436,6.9049751173992515,0.0290202825629392
demucs,The Long Wait - Dark Horses,other,vocals,10.219874258109275,10.61426622966823,0.011285959535472432
demucs,The Mountaineering Club - Mallory,other,vocals,14.388329579086811,14.543626684188231,0.006848292806685447
demucs,The Sunshine Garcia Band - For I Am The Moon,other,vocals,12.276807980118152,12.526586301151587,0.014732930582950252
demucs,Timboz - Pony,other,vocals,5.727286570192622,6.756655576204027,0.01619463243919478
demucs,Tom McKenzie - Directions,other,vocals,13.352212711397764,13.548420267412713,0.007662532867198137
demucs,Triviul feat. The Fiend - Widow,other,vocals,11.632599698737852,11.921018517905628,0.01596268416348465
demucs,We Fell From The Sky - Not You,other,vocals,6.910045122034688,7.715235272881484,0.01355497457851213
demucs,Zeno - Signs,other,vocals,8.957290730813233,9.477056630267075,0.021975621608558635
spleeter,AM Contra - Heart Peripheral,accompaniment,non_vocal,14.53244541909778,14.682760426216877,0.01903561645436538
spleeter,Al James - Schoolboy Facination,accompaniment,non_vocal,6.994471067694331,7.785488721339045,0.031412690982245736
spleeter,Angels In Amplifiers - I'm Alright,accompaniment,non_vocal,11.412268208514444,11.715185183387067,0.023173647120666843
spleeter,Arise - Run Run Run,accompaniment,non_vocal,14.910592117358428,15.04856951976711,0.024749209887728104
spleeter,BKS - Bulldozer,accompaniment,non_vocal,16.042408738148907,16.149116770431036,0.01620743648639282
spleeter,BKS - Too Much,accompaniment,non_vocal,14.693393616756989,14.838330182836664,0.015986288970009855
spleeter,Ben Carrigan - We'll Talk About It All Tonight,accompaniment,non_vocal,11.60637630681675,11.896484844467265,0.01913459130170974
spleeter,Bobby Nobody - Stitch Up,accompaniment,non_vocal,13.158094888860337,13.36306291332578,0.017684983016931763
spleeter,Buitraker - Revo X,accompaniment,non_vocal,13.541260051394099,13.729288246548618,0.02334358180188425
spleeter,Carlos Gonzalez - A Place For Us,accompaniment,non_vocal,7.561695499891363,8.263255254847753,0.028984578274901314
spleeter,Cristina Vane - So Easy,accompaniment,non_vocal,13.506503849022579,13.696010364487439,0.019784093138868104
spleeter,Detsky Sad - Walkie Talkie,accompaniment,non_vocal,12.955948589551587,13.170445222987414,0.02370478382786726
spleeter,Enda Reilly - Cur An Long Ag Seol,accompaniment,non_vocal,12.233141889646927,12.485372367272682,0.024180586176648405
spleeter,Forkupines - Semantics,accompaniment,non_vocal,16.37564842128993,16.474563911485205,0.018477872396153908
spleeter,Georgia Wonder - Siren,accompaniment,non_vocal,11.163264889990195,11.483413813232007,0.026778292003212644
spleeter,Girls Under Glass - We Feel Alright,accompaniment,non_vocal,15.147955976841184,15.27870393479348,0.019482570993375053
spleeter,Hollow Ground - Ill Fate,accompaniment,non_vocal,17.50589957457219,17.582347612734562,0.017505189441515523
spleeter,James Elder & Mark M Thompson - The English Actor,accompaniment,non_vocal,10.33600498629145,10.720437750052024,0.02451085915026548
spleeter,Juliet's Rescue - Heartbeats,accompaniment,non_vocal,16.516969524316274,16.612752736242072,0.0160531461129447
spleeter,Little Chicago's Finest - My Own,accompaniment,non_vocal,12.34731704450393,12.593184605564186,0.010772439542558753
spleeter,Louis Cressy Band - Good Time,accompaniment,non_vocal,13.909899913515403,14.082927057742893,0.01536308260995273
spleeter,Lyndsey Ollard - Catching Up,accompaniment,non_vocal,12.864245211936069,13.083205708138038,0.010366810400580257
spleeter,M.E.R.C. Music - Knockout,accompaniment,non_vocal,10.379707330646369,10.760454887111514,0.0210144609800135
spleeter,Moosmusic - Big Dummy Shake,accompaniment,non_vocal,13.78712409077362,13.965012287652904,0.02552902338686132
spleeter,Motor Tapes - Shore,accompaniment,non_vocal,10.273311422611933,10.663090449019384,0.026458379394992307
spleeter,Mu - Too Bright,accompaniment,non_vocal,12.299622028624228,12.548128408199794,0.021766422593795413
spleeter,Nerve 9 - Pray For The Rain,accompaniment,non_vocal,10.825254306746006,11.170312042205882,0.02360489809210239
spleeter,PR - Happy Daze,accompaniment,non_vocal,22.010150813532693,22.037403285012886,0.013992564695630216
spleeter,PR - Oh No,accompaniment,non_vocal,17.983645445219803,18.052192360099074,0.018441814877258503
spleeter,Punkdisco - Oral Hygiene,accompaniment,non_vocal,19.107566998606348,19.160579013886313,0.012368673929525772
spleeter,Raft Monk - Tiring,accompaniment,non_vocal,11.156527511976666,11.477155575285117,0.03360605976282388
spleeter,Sambasevam Shanmugam - Kaathaadi,accompaniment,non_vocal,15.041753377066954,15.175688659877144,0.015086919731282556
spleeter,Secretariat - Borderline,accompaniment,non_vocal,11.857128758920902,12.131464532611858,0.025117117077641558
spleeter,Secretariat - Over The Top,accompaniment,non_vocal,15.243639721372995,15.371580095462685,0.02179870162754506
spleeter,Side Effects Project - Sing With Me,accompaniment,non_vocal,11.477569038128433,11.77611725840967,0.021290269978211818
spleeter,Signe Jakobsen - What Have You Done To Me,accompaniment,non_vocal,11.120254274802319,11.443473867267711,0.023188924490204363
spleeter,Skelpolu - Resurrection,accompaniment,non_vocal,14.4080294021074,14.562636029659204,0.028403365509632374
spleeter,Speak Softly - Broken Man,accompaniment,non_vocal,13.391032486940178,13.58553255824847,0.024793067515596456
spleeter,Speak Softly - Like Horses,accompaniment,non_vocal,9.876704332401218,10.301985648370614,0.03396425186061441
spleeter,The Doppler Shift - Atrophy,accompaniment,non_vocal,13.946114787319793,14.11773311246934,0.021242657999182304
spleeter,The Easton Ellises (Baumi) - SDRNR,accompaniment,non_vocal,9.448892907044028,9.915912199949906,0.03381581049354042
spleeter,The Easton Ellises - Falcon 69,accompaniment,non_vocal,10.924820364679755,11.262353429492011,0.03481562311421515
spleeter,The Long Wait - Dark Horses,accompaniment,non_vocal,13.503078509242084,13.692731332205447,0.015847842412846348
spleeter,The Mountaineering Club - Mallory,accompaniment,non_vocal,18.220450670299478,18.28538709560836,0.011071642346767172
spleeter,The Sunshine Garcia Band - For I Am The Moon,accompaniment,non_vocal,13.464453842854407,13.655764119486777,0.020295443764015847
spleeter,Timboz - Pony,accompaniment,non_vocal,12.407534995309135,12.650109761146975,0.022497887173280825
spleeter,Tom McKenzie - Directions,accompaniment,non_vocal,17.255737853541152,17.336676753162884,0.013301746955527948
spleeter,Triviul feat. The Fiend - Widow,accompaniment,non_vocal,9.945513757759505,10.364422248039942,0.023279142246310513
spleeter,We Fell From The Sky - Not You,accompaniment,non_vocal,14.740200916008448,14.883609146532867,0.01841626965582172
spleeter,Zeno - Signs,accompaniment,non_vocal,10.96444424372656,11.29902685029123,0.028687734469545072
spleeter,AM Contra - Heart Peripheral,accompaniment,vocals,10.18385706181659,10.581387579007885,0.016582770919342554
spleeter,Al James - Schoolboy Facination,accompaniment,vocals,5.938814230039845,6.924395175030704,0.030633631860356392
spleeter,Angels In Amplifiers - I'm Alright,accompaniment,vocals,8.401377760889094,8.98752863143135,0.022179539018035595
spleeter,Arise - Run Run Run,accompaniment,vocals,6.031064219202914,6.998073504223386,0.024160571644470462
spleeter,BKS - Bulldozer,accompaniment,vocals,-0.4374894925807579,2.797061732774166,0.016219445851461955
spleeter,BKS - Too Much,accompaniment,vocals,10.38524863642391,10.76553134289163,0.014838123281356051
spleeter,Ben Carrigan - We'll Talk About It All Tonight,accompaniment,vocals,3.1567083791200314,4.869364500775911,0.018625932597600627
spleeter,Bobby Nobody - Stitch Up,accompaniment,vocals,6.548466298846044,7.417001505582209,0.01799280478117762
spleeter,Buitraker - Revo X,accompaniment,vocals,2.0530944078181057,4.157057076499721,0.02330298506957484
spleeter,Carlos Gonzalez - A Place For Us,accompaniment,vocals,5.5903331934525236,6.648964530069956,0.02898276815080843
spleeter,Cristina Vane - So Easy,accompaniment,vocals,8.516543638387835,9.088321627772242,0.019851182677161124
spleeter,Detsky Sad - Walkie Talkie,accompaniment,vocals,4.6661639747144825,5.942052656762154,0.023434109657702203
spleeter,Enda Reilly - Cur An Long Ag Seol,accompaniment,vocals,8.183506145259516,8.797774746487384,0.02364066518108841
spleeter,Forkupines - Semantics,accompaniment,vocals,5.935957450149258,6.922118559573781,0.01811312690378596
spleeter,Georgia Wonder - Siren,accompaniment,vocals,4.101138531453432,5.527983289110488,0.023600733295397143
spleeter,Girls Under Glass - We Feel Alright,accompaniment,vocals,3.3030631888121347,4.968564176587804,0.019024403655927443
spleeter,Hollow Ground - Ill Fate,accompaniment,vocals,5.652840900065323,6.6980264073859335,0.017492131386439274
spleeter,James Elder & Mark M Thompson - The English Actor,accompaniment,vocals,6.474993673215841,7.356939026998872,0.02457358856213764
spleeter,Juliet's Rescue - Heartbeats,accompaniment,vocals,7.3430756502256145,8.077953024833699,0.015663433634542756
spleeter,Little Chicago's Finest - My Own,accompaniment,vocals,9.98776455051976,10.402805141214873,0.011040518285634437
spleeter,Louis Cressy Band - Good Time,accompaniment,vocals,7.452560461695335,8.170574685771708,0.015125983319139632
spleeter,Lyndsey Ollard - Catching Up,accompaniment,vocals,13.559875655650481,13.74711670130909,0.010307197733857715
spleeter,M.E.R.C. Music - Knockout,accompaniment,vocals,7.5165769945195375,8.224896785521501,0.019817295259377584
spleeter,Moosmusic - Big Dummy Shake,accompaniment,vocals,8.981664278177092,9.498687769521874,0.023077049436591477
spleeter,Motor Tapes - Shore,accompaniment,vocals,6.214736618128777,7.145697463680366,0.026444578709532755
spleeter,Mu - Too Bright,accompaniment,vocals,6.8607928077647875,7.674357273260274,0.021153077123367958
spleeter,Nerve 9 - Pray For The Rain,accompaniment,vocals,6.527789973207425,7.400080264073221,0.023632715275183562
spleeter,PR - Happy Daze,accompaniment,vocals,-17.0330705225029,0.085155465571357,0.009886380847180954
spleeter,PR - Oh No,accompaniment,vocals,-5.321270604412028,1.1182653903820425,0.016190369254387982
spleeter,Punkdisco - Oral Hygiene,accompaniment,vocals,6.843699090409425,7.660188445685764,0.011655180361390419
spleeter,Raft Monk - Tiring,accompaniment,vocals,2.2409185451248383,4.273720299227345,0.033587507963792
spleeter,Sambasevam Shanmugam - Kaathaadi,accompaniment,vocals,12.255204159787525,12.50619277807851,0.014908719432592928
spleeter,Secretariat - Borderline,accompaniment,vocals,5.84358132171897,6.848667101217475,0.02501018986102129
spleeter,Secretariat - Over The Top,accompaniment,vocals,7.1941369703158635,7.952537940441039,0.019790169216687904
spleeter,Side Effects Project - Sing With Me,accompaniment,vocals,9.078058005080766,9.58436865305645,0.021321695460193687
spleeter,Signe Jakobsen - What Have You Done To Me,accompaniment,vocals,8.90991265885134,9.435048557860679,0.02343080041541957
spleeter,Skelpolu - Resurrection,accompaniment,vocals,-11.384294264924717,0.30480731562992974,0.025430738794319327
spleeter,Speak Softly - Broken Man,accompaniment,vocals,2.4365839697290714,4.39727563433356,0.02411974468706088
spleeter,Speak Softly - Like Horses,accompaniment,vocals,6.253030926321914,7.176629374718541,0.03358502780759649
spleeter,The Doppler Shift - Atrophy,accompaniment,vocals,6.590285013896526,7.451270015844927,0.021592533641727103
spleeter,The Easton Ellises (Baumi) - SDRNR,accompaniment,vocals,5.5375193343670945,6.607630111446728,0.030534901037066152
spleeter,The Easton Ellises - Falcon 69,accompaniment,vocals,3.933269234042838,5.407779910509518,0.034410503412334016
spleeter,The Long Wait - Dark Horses,accompaniment,vocals,7.044490206513629,7.8272188405591745,0.015563832225582748
spleeter,The Mountaineering Club - Mallory,accompaniment,vocals,10.224765552688977,10.618733125715416,0.010763799406177324
spleeter,The Sunshine Garcia Band - For I Am The Moon,accompaniment,vocals,9.66938998232913,10.114434132842145,0.01948620164535526
spleeter,Timboz - Pony,accompaniment,vocals,1.7803228757431098,3.991056664961838,0.022260369749411157
spleeter,Tom McKenzie - Directions,accompaniment,vocals,8.28852559440382,8.889087365474634,0.013166574227590006
spleeter,Triviul feat. The Fiend - Widow,accompaniment,vocals,8.15608844915359,8.773983183726825,0.02305254261938134
spleeter,We Fell From The Sky - Not You,accompaniment,vocals,3.3005171872125554,4.966829302260184,0.01861377465879252
spleeter,Zeno - Signs,accompaniment,vocals,6.074297067698784,7.032710749484772,0.029127334215024715
spleeter,AM Contra - Heart Peripheral,bass,non_vocal,17.14411810844472,17.227144197791745,0.0065405904862521035
spleeter,Al James - Schoolboy Facination,bass,non_vocal,7.968408700020508,8.611664541477746,0.019894228558533462
spleeter,Angels In Amplifiers - I'm Alright,bass,non_vocal,14.284387176277187,14.443377907006292,0.008645840817592617
spleeter,Arise - Run Run Run,bass,non_vocal,18.095933208110964,18.16274393115823,0.011397210629408138
spleeter,BKS - Bulldozer,bass,non_vocal,16.353640852392434,16.45305315413548,0.008119263966560196
spleeter,BKS - Too Much,bass,non_vocal,19.62412416496559,19.671223502601173,0.00632046000859858
spleeter,Ben Carrigan - We'll Talk About It All Tonight,bass,non_vocal,13.558903492790254,13.74618556584159,0.008878182248646792
spleeter,Bobby Nobody - Stitch Up,bass,non_vocal,17.020713612499467,17.106109344782496,0.007075259737943388
spleeter,Buitraker - Revo X,bass,non_vocal,14.647251250064642,14.793710114898298,0.010952821189591217
spleeter,Carlos Gonzalez - A Place For Us,bass,non_vocal,7.497794641699947,8.208946204004766,0.009291510186615769
spleeter,Cristina Vane - So Easy,bass,non_vocal,13.05896239707497,13.268550451187478,0.008866435400016604
spleeter,Detsky Sad - Walkie Talkie,bass,non_vocal,13.19648991799799,13.399695404436098,0.00629016551871934
spleeter,Enda Reilly - Cur An Long Ag Seol,bass,non_vocal,15.219088742466376,15.347743782682139,0.010058049406783473
spleeter,Forkupines - Semantics,bass,non_vocal,18.245193507183714,18.309763754250774,0.005227697412683988
spleeter,Georgia Wonder - Siren,bass,non_vocal,17.992918609961222,18.061320463256124,0.007718678983403463
spleeter,Girls Under Glass - We Feel Alright,bass,non_vocal,15.49857449915095,15.619321272679077,0.010264220531264582
spleeter,Hollow Ground - Ill Fate,bass,non_vocal,19.46984230018964,19.518635370125267,0.006437375241768971
spleeter,James Elder & Mark M Thompson - The English Actor,bass,non_vocal,6.4751161260348065,7.357038975294029,0.01536211881434395
spleeter,Juliet's Rescue - Heartbeats,bass,non_vocal,15.071083963241517,15.204131414526012,0.0060638851443775175
spleeter,Little Chicago's Finest - My Own,bass,non_vocal,13.432683712996234,13.625367915676133,0.004143494543535115
spleeter,Louis Cressy Band - Good Time,bass,non_vocal,17.991243394359614,18.059671430759842,0.0042851255117458175
spleeter,Lyndsey Ollard - Catching Up,bass,non_vocal,11.1721883992522,11.491703773988817,0.006506792130651837
spleeter,M.E.R.C. Music - Knockout,bass,non_vocal,12.150663311190417,12.407589480572558,0.007898114796082092
spleeter,Moosmusic - Big Dummy Shake,bass,non_vocal,14.88877488704654,15.027436200767381,0.010271065764609458
spleeter,Motor Tapes - Shore,bass,non_vocal,12.583040564013519,12.81626123393657,0.010235649746147593
spleeter,Mu - Too Bright,bass,non_vocal,11.294066817682442,11.605049160999974,0.006472080346723958
spleeter,Nerve 9 - Pray For The Rain,bass,non_vocal,10.42047948835998,10.797819421646324,0.01269769593298452
spleeter,PR - Happy Daze,bass,non_vocal,15.378752266420872,15.502829035524787,0.008717258417122474
spleeter,PR - Oh No,bass,non_vocal,17.33039252024723,17.409964540334922,0.00992181432229196
spleeter,Punkdisco - Oral Hygiene,bass,non_vocal,20.912594527206586,20.947651212120718,0.007164118172482635
spleeter,Raft Monk - Tiring,bass,non_vocal,14.628681218643692,14.775757160826332,0.014380245112270661
spleeter,Sambasevam Shanmugam - Kaathaadi,bass,non_vocal,18.274314372080358,18.33845627377173,0.007876805174042968
spleeter,Secretariat - Borderline,bass,non_vocal,13.973854470339502,14.144401287260065,0.00835467243676845
spleeter,Secretariat - Over The Top,bass,non_vocal,22.742404502277758,22.765439681365883,0.006593372340149697
spleeter,Side Effects Project - Sing With Me,bass,non_vocal,8.089143308998775,8.71597573450114,0.011657048512622245
spleeter,Signe Jakobsen - What Have You Done To Me,bass,non_vocal,17.753733478934763,17.82597615457352,0.005358400368078154
spleeter,Skelpolu - Resurrection,bass,non_vocal,14.873495437777258,15.012637706259062,0.021824301758193634
spleeter,Speak Softly - Broken Man,bass,non_vocal,29.807915960865117,29.81245293023287,0.002692734726653254
spleeter,Speak Softly - Like Horses,bass,non_vocal,24.812233449202257,24.826550215358445,0.004154717817149882
spleeter,The Doppler Shift - Atrophy,bass,non_vocal,9.860138923370931,10.28696818151796,0.011747438414353757
spleeter,The Easton Ellises (Baumi) - SDRNR,bass,non_vocal,10.596612338579705,10.959564261454581,0.015776031036349072
spleeter,The Easton Ellises - Falcon 69,bass,non_vocal,13.03729143889717,13.247902917710315,0.014870488584268558
spleeter,The Long Wait - Dark Horses,bass,non_vocal,18.025676581578974,18.09356843086934,0.005926058669015749
spleeter,The Mountaineering Club - Mallory,bass,non_vocal,20.99336989928546,21.027783136119975,0.005881732765790148
spleeter,The Sunshine Garcia Band - For I Am The Moon,bass,non_vocal,14.51913512225608,14.66990360579532,0.01187014564117945
spleeter,Timboz - Pony,bass,non_vocal,12.373297442221705,12.617739066550666,0.006864027915229872
spleeter,Tom McKenzie - Directions,bass,non_vocal,14.402090623987895,14.556905087207838,0.009186738108798127
spleeter,Triviul feat. The Fiend - Widow,bass,non_vocal,16.820073525727175,16.909465737231187,0.008123312589937618
spleeter,We Fell From The Sky - Not You,bass,non_vocal,14.614176067700686,14.761735789773816,0.004806731550207404
spleeter,Zeno - Signs,bass,non_vocal,10.212374169158638,10.607417742508957,0.011569529985030061
spleeter,AM Contra - Heart Peripheral,bass,vocals,17.79303066021302,17.864627930327494,0.007172131716079472
spleeter,Al James - Schoolboy Facination,bass,vocals,10.062324835821784,10.470622608109728,0.02035890185302028
spleeter,Angels In Amplifiers - I'm Alright,bass,vocals,16.02044777121011,16.12769013597476,0.00975152788398219
spleeter,Arise - Run Run Run,bass,vocals,13.24958201309565,13.450374656555379,0.011432846554803968
spleeter,BKS - Bulldozer,bass,vocals,7.2718117050679325,8.017859871772147,0.008547232666464462
spleeter,BKS - Too Much,bass,vocals,17.729467213493205,17.802111309249618,0.006611965602652037
spleeter,Ben Carrigan - We'll Talk About It All Tonight,bass,vocals,10.957096687660675,11.292224525040703,0.008889870437671582
spleeter,Bobby Nobody - Stitch Up,bass,vocals,14.149833133631137,14.31373360466984,0.008139995798693596
spleeter,Buitraker - Revo X,bass,vocals,10.152159110640842,10.55247151296929,0.011128496763639716
spleeter,Carlos Gonzalez - A Place For Us,bass,vocals,15.996489553969894,16.104317860761096,0.009753962441983025
spleeter,Cristina Vane - So Easy,bass,vocals,15.540000005826546,15.659616143891729,0.009318178582064199
spleeter,Detsky Sad - Walkie Talkie,bass,vocals,16.379430798927267,16.478261151084904,0.006521731635912849
spleeter,Enda Reilly - Cur An Long Ag Seol,bass,vocals,16.07144303246271,16.177448665864205,0.010109108010260534
spleeter,Forkupines - Semantics,bass,vocals,16.952263634233333,17.03900250940029,0.005642587209407129
spleeter,Georgia Wonder - Siren,bass,vocals,14.737830419596932,14.881315668269195,0.007992453914553176
spleeter,Girls Under Glass - We Feel Alright,bass,vocals,9.727012444713544,10.166477684938313,0.010407662303133523
spleeter,Hollow Ground - Ill Fate,bass,vocals,14.911812681587202,15.049751920819084,0.0066745769584117915
spleeter,James Elder & Mark M Thompson - The English Actor,bass,vocals,10.98224761518155,11.315512646034115,0.01559064497960802
spleeter,Juliet's Rescue - Heartbeats,bass,vocals,15.685415743510093,15.801145068788564,0.006423697682297955
spleeter,Little Chicago's Finest - My Own,bass,vocals,16.856543971157475,16.94519622095629,0.005198427681650409
spleeter,Louis Cressy Band - Good Time,bass,vocals,18.02476302203876,18.092669043128907,0.004827696503946731
spleeter,Lyndsey Ollard - Catching Up,bass,vocals,17.487031394873952,17.56380936356128,0.006638123570295469
spleeter,M.E.R.C. Music - Knockout,bass,vocals,15.550202736177702,15.669542015271979,0.008453056027535258
spleeter,Moosmusic - Big Dummy Shake,bass,vocals,16.134290025708474,16.238790867658317,0.01061824319383728
spleeter,Motor Tapes - Shore,bass,vocals,15.10372548148296,15.235791692827013,0.010291119246505527
spleeter,Mu - Too Bright,bass,vocals,17.628501068266214,17.702839260052745,0.006583398493588015
spleeter,Nerve 9 - Pray For The Rain,bass,vocals,12.507560620053852,12.74476039991181,0.01278521137185018
spleeter,PR - Happy Daze,bass,vocals,-14.931615822147856,0.13732150359759288,0.008805291555745028
spleeter,PR - Oh No,bass,vocals,1.722899602207767,3.9566322433704753,0.010131952782036997
spleeter,Punkdisco - Oral Hygiene,bass,vocals,10.101097361643614,10.505930176647947,0.008407739800390347
spleeter,Raft Monk - Tiring,bass,vocals,11.228843240703217,11.544364352166859,0.014542772934278862
spleeter,Sambasevam Shanmugam - Kaathaadi,bass,vocals,17.877269662136417,17.947502620902462,0.007970476037119503
spleeter,Secretariat - Borderline,bass,vocals,15.437617819097582,15.560047485338643,0.009188256436716724
spleeter,Secretariat - Over The Top,bass,vocals,15.52975128627105,15.649646169021086,0.008160342872900541
spleeter,Side Effects Project - Sing With Me,bass,vocals,13.963667003326536,14.134606570000642,0.012610606126813133
spleeter,Signe Jakobsen - What Have You Done To Me,bass,vocals,20.078780144819373,20.121220844368167,0.006844932646332168
spleeter,Skelpolu - Resurrection,bass,vocals,-3.499945653356562,1.6037523388748847,0.021826407054605233
spleeter,Speak Softly - Broken Man,bass,vocals,23.17121470384396,23.192089329288258,0.002749319164803571
spleeter,Speak Softly - Like Horses,bass,vocals,24.859003168531913,24.873166832636624,0.00428266864355207
spleeter,The Doppler Shift - Atrophy,bass,vocals,11.932783507091573,12.202525797454095,0.012510512980117067
spleeter,The Easton Ellises (Baumi) - SDRNR,bass,vocals,12.029657849272397,12.293627026119527,0.01589880860819709
spleeter,The Easton Ellises - Falcon 69,bass,vocals,12.423829336805703,12.665520502954058,0.014922939639266362
spleeter,The Long Wait - Dark Horses,bass,vocals,15.169854250645855,15.299954354178736,0.006575767729539996
spleeter,The Mountaineering Club - Mallory,bass,vocals,15.564094063515324,15.683057406573887,0.006014274494470927
spleeter,The Sunshine Garcia Band - For I Am The Moon,bass,vocals,14.017694482895296,14.18656124139057,0.012159090272025542
spleeter,Timboz - Pony,bass,vocals,13.884422524538245,14.058447568275367,0.006984965496906867
spleeter,Tom McKenzie - Directions,bass,vocals,11.51450065827489,11.810605090460307,0.009365526727511246
spleeter,Triviul feat. The Fiend - Widow,bass,vocals,17.43919478932827,17.51681557116457,0.008350462292910834
spleeter,We Fell From The Sky - Not You,bass,vocals,14.981100343997651,15.116890127975275,0.005783139971370617
spleeter,Zeno - Signs,bass,vocals,13.670738764662309,13.853358394251396,0.013277376468766061
spleeter,AM Contra - Heart Peripheral,drums,non_vocal,12.852590109700316,13.072124391590608,0.016501111854101837
spleeter,Al James - Schoolboy Facination,drums,non_vocal,4.575914213945101,5.874955665238858,0.021993509121447225
spleeter,Angels In Amplifiers - I'm Alright,drums,non_vocal,9.742554924128326,10.180526784434567,0.015128358766429064
spleeter,Arise - Run Run Run,drums,non_vocal,13.795064163944224,13.972633983410487,0.009919156724066493
spleeter,BKS - Bulldozer,drums,non_vocal,16.802455343757565,16.89220720333735,0.010847236608822291
spleeter,BKS - Too Much,drums,non_vocal,12.861268645254153,13.080375539933819,0.012011632216589782
spleeter,Ben Carrigan - We'll Talk About It All Tonight,drums,non_vocal,9.829359018782172,10.259078729347815,0.014652914067704846
spleeter,Bobby Nobody - Stitch Up,drums,non_vocal,11.713028222010117,11.996323748549154,0.009503470207264133
spleeter,Buitraker - Revo X,drums,non_vocal,16.495615489420615,16.59186562886204,0.012642698970160477
spleeter,Carlos Gonzalez - A Place For Us,drums,non_vocal,8.691526015229606,9.242095874441393,0.01582201149070075
spleeter,Cristina Vane - So Easy,drums,non_vocal,18.34630501636259,18.40940005899659,0.008697872319897581
spleeter,Detsky Sad - Walkie Talkie,drums,non_vocal,11.695754813583246,11.98014317608953,0.02291631757839305
spleeter,Enda Reilly - Cur An Long Ag Seol,drums,non_vocal,16.08278663520177,16.188519086185472,0.009833145895558051
spleeter,Forkupines - Semantics,drums,non_vocal,19.291458900121526,19.342285913617957,0.01086334573414887
spleeter,Georgia Wonder - Siren,drums,non_vocal,10.481977123362586,10.854232425825037,0.01710648485764538
spleeter,Girls Under Glass - We Feel Alright,drums,non_vocal,18.15508950394173,18.22100317632213,0.0095161616182535
spleeter,Hollow Ground - Ill Fate,drums,non_vocal,11.707977838794601,11.991592466613518,0.012801077486062552
spleeter,James Elder & Mark M Thompson - The English Actor,drums,non_vocal,8.620696992464392,9.179761064670018,0.016458432335214598
spleeter,Juliet's Rescue - Heartbeats,drums,non_vocal,18.977670214687553,19.032281683213114,0.009547094446136571
spleeter,Little Chicago's Finest - My Own,drums,non_vocal,12.372368241134332,12.616860725855076,0.009131689232564433
spleeter,Louis Cressy Band - Good Time,drums,non_vocal,13.890166060536696,14.063965649870912,0.009948595777538956
spleeter,Lyndsey Ollard - Catching Up,drums,non_vocal,10.654821378582795,11.013135002861967,0.007921321036582323
spleeter,M.E.R.C. Music - Knockout,drums,non_vocal,11.055360017643515,11.383266376129367,0.013239277283873231
spleeter,Moosmusic - Big Dummy Shake,drums,non_vocal,14.257537004802716,14.417495799527654,0.01785209137491172
spleeter,Motor Tapes - Shore,drums,non_vocal,7.4888860039579335,8.20138434064296,0.011459038704356824
spleeter,Mu - Too Bright,drums,non_vocal,14.875864146639,15.014931747344926,0.013770236866058229
spleeter,Nerve 9 - Pray For The Rain,drums,non_vocal,11.344047851282832,11.651594809558405,0.011111531549754939
spleeter,PR - Happy Daze,drums,non_vocal,21.963324272794026,21.990871240988238,0.013116940456170142
spleeter,PR - Oh No,drums,non_vocal,18.439727662163566,18.501489441083976,0.014063580692175549
spleeter,Punkdisco - Oral Hygiene,drums,non_vocal,17.9051586326936,17.97494561614765,0.009549628771733341
spleeter,Raft Monk - Tiring,drums,non_vocal,12.637325985901187,12.86772511252164,0.01495890950288197
spleeter,Sambasevam Shanmugam - Kaathaadi,drums,non_vocal,13.075436469100865,13.284249773884262,0.007566050626109004
spleeter,Secretariat - Borderline,drums,non_vocal,12.220088025239564,12.47305609765139,0.008452731604104377
spleeter,Secretariat - Over The Top,drums,non_vocal,12.530251095989911,12.766247798117032,0.014395342807400057
spleeter,Side Effects Project - Sing With Me,drums,non_vocal,12.531328567823955,12.767268288943505,0.017153365850961586
spleeter,Signe Jakobsen - What Have You Done To Me,drums,non_vocal,11.079989797986503,11.40610970051635,0.011113155228148014
spleeter,Skelpolu - Resurrection,drums,non_vocal,10.01110940695084,10.424027485936278,0.02259488449798864
spleeter,Speak Softly - Broken Man,drums,non_vocal,12.674956680801763,12.903419446251739,0.011954198542525161
spleeter,Speak Softly - Like Horses,drums,non_vocal,9.836764688685472,10.265787257483725,0.012769297851289536
spleeter,The Doppler Shift - Atrophy,drums,non_vocal,14.669659105656617,14.815376751674712,0.014994283387097494
spleeter,The Easton Ellises (Baumi) - SDRNR,drums,non_vocal,9.348464967751589,9.82583036839683,0.02448149995218756
spleeter,The Easton Ellises - Falcon 69,drums,non_vocal,12.86974386376781,13.088434166866863,0.01892416633159552
spleeter,The Long Wait - Dark Horses,drums,non_vocal,12.36146728503738,12.606557209086102,0.008086924194407114
spleeter,The Mountaineering Club - Mallory,drums,non_vocal,17.402517816534967,17.480790999111413,0.006882832998182746
spleeter,The Sunshine Garcia Band - For I Am The Moon,drums,non_vocal,12.656936238096794,12.88632429506115,0.015840906171345762
spleeter,Timboz - Pony,drums,non_vocal,8.72024736161076,9.267407409011794,0.01605781533090467
spleeter,Tom McKenzie - Directions,drums,non_vocal,19.161306009734087,19.21367001757904,0.00840370889563958
spleeter,Triviul feat. The Fiend - Widow,drums,non_vocal,7.874877733094802,8.531130000241092,0.01460228371535654
spleeter,We Fell From The Sky - Not You,drums,non_vocal,18.592354974143497,18.651998488484566,0.008599905995343963
spleeter,Zeno - Signs,drums,non_vocal,12.941887099374226,13.157062398910167,0.013537880288478554
spleeter,AM Contra - Heart Peripheral,drums,vocals,12.039915614429066,12.303280554056585,0.013608819578946881
spleeter,Al James - Schoolboy Facination,drums,vocals,9.701451552564643,10.14338330675647,0.02115056950813187
spleeter,Angels In Amplifiers - I'm Alright,drums,vocals,13.019728142053244,13.231172635363235,0.013641095400837685
spleeter,Arise - Run Run Run,drums,vocals,16.082182817743988,16.187929792626914,0.00835117433145269
spleeter,BKS - Bulldozer,drums,vocals,4.747118676990779,6.002542053624962,0.010866082638146733
spleeter,BKS - Too Much,drums,vocals,13.65093510402972,13.834371991904009,0.010437716690775574
spleeter,Ben Carrigan - We'll Talk About It All Tonight,drums,vocals,6.415472933728298,7.308418567045689,0.014079752199706216
spleeter,Bobby Nobody - Stitch Up,drums,vocals,12.201561505383252,12.45557999631381,0.010069792667995583
spleeter,Buitraker - Revo X,drums,vocals,8.894080529852618,9.421022504789942,0.012674771122802918
spleeter,Carlos Gonzalez - A Place For Us,drums,vocals,11.613783158999695,11.90341346445017,0.01582060669404678
spleeter,Cristina Vane - So Easy,drums,vocals,15.963014919055059,16.071667207743157,0.00888704989401146
spleeter,Detsky Sad - Walkie Talkie,drums,vocals,5.05631634198539,6.236163147481202,0.02264020907283533
spleeter,Enda Reilly - Cur An Long Ag Seol,drums,vocals,17.48523585242061,17.562045291557137,0.00862662213538821
spleeter,Forkupines - Semantics,drums,vocals,11.561314960914356,11.854349431620918,0.010255849569107066
spleeter,Georgia Wonder - Siren,drums,vocals,11.294477399351555,11.605431371606896,0.01165422892398508
spleeter,Girls Under Glass - We Feel Alright,drums,vocals,11.211478503444113,11.528218714964195,0.00889265462585887
spleeter,Hollow Ground - Ill Fate,drums,vocals,8.944740531110531,9.465923861026663,0.01278763580257537
spleeter,James Elder & Mark M Thompson - The English Actor,drums,vocals,10.400168483885828,10.779202289640608,0.01657727926728521
spleeter,Juliet's Rescue - Heartbeats,drums,vocals,12.759071876257968,12.983263469487667,0.008889527319069406
spleeter,Little Chicago's Finest - My Own,drums,vocals,11.445548464195888,11.746231265604568,0.009496910552204906
spleeter,Louis Cressy Band - Good Time,drums,vocals,11.889146368408486,12.161528971368377,0.009578363630495893
spleeter,Lyndsey Ollard - Catching Up,drums,vocals,15.998495820809403,16.1062749396132,0.007852723908300873
spleeter,M.E.R.C. Music - Knockout,drums,vocals,12.632539990937202,12.863186532928735,0.011594338968919366
spleeter,Moosmusic - Big Dummy Shake,drums,vocals,13.578400789189516,13.764861712434831,0.014125550903070251
spleeter,Motor Tapes - Shore,drums,vocals,14.162941040234664,14.326356748807044,0.011428001086850643
spleeter,Mu - Too Bright,drums,vocals,11.661679142429971,11.94823534182528,0.012780059338016994
spleeter,Nerve 9 - Pray For The Rain,drums,vocals,13.737531145492877,13.917420589001637,0.011176441115824604
spleeter,PR - Happy Daze,drums,vocals,-15.79644966161833,0.11284565512651974,0.00892987898596017
spleeter,PR - Oh No,drums,vocals,-0.7384310964344893,2.656759973251158,0.011493328858717485
spleeter,Punkdisco - Oral Hygiene,drums,vocals,9.559693866337785,10.015544981427063,0.008852137967213599
spleeter,Raft Monk - Tiring,drums,vocals,10.92869875520297,11.265941927647088,0.015017301314024348
spleeter,Sambasevam Shanmugam - Kaathaadi,drums,vocals,18.743823519295017,18.801436207581474,0.007220601924099752
spleeter,Secretariat - Borderline,drums,vocals,16.045077238651132,16.151720523072267,0.008567805725655176
spleeter,Secretariat - Over The Top,drums,vocals,12.733301740814976,12.958793546989703,0.011121883081130763
spleeter,Side Effects Project - Sing With Me,drums,vocals,11.126240955154678,11.44903144532353,0.017194403115549817
spleeter,Signe Jakobsen - What Have You Done To Me,drums,vocals,15.404557807755468,15.527909846142267,0.011612097692444796
spleeter,Skelpolu - Resurrection,drums,vocals,-1.796448799759137,2.2043078864187717,0.020440035845963992
spleeter,Speak Softly - Broken Man,drums,vocals,11.27832628150551,11.590398175388234,0.010486597797533505
spleeter,Speak Softly - Like Horses,drums,vocals,16.03357190577356,16.14049463018453,0.011723840315416317
spleeter,The Doppler Shift - Atrophy,drums,vocals,9.921152083282765,10.34230637455499,0.015488181180053389
spleeter,The Easton Ellises (Baumi) - SDRNR,drums,vocals,9.912380131467737,10.33434587635234,0.019984894835306095
spleeter,The Easton Ellises - Falcon 69,drums,vocals,10.575271725473668,10.939938522235193,0.01820284375643794
spleeter,The Long Wait - Dark Horses,drums,vocals,13.687163461430208,13.869107981395013,0.00775442890939781
spleeter,The Mountaineering Club - Mallory,drums,vocals,15.064424994022687,15.197673501198905,0.0063921087104788134
spleeter,The Sunshine Garcia Band - For I Am The Moon,drums,vocals,12.198696366810857,12.452877683365545,0.014867064473585668
spleeter,Timboz - Pony,drums,vocals,6.056195675908037,7.018199955285839,0.015723787775494838
spleeter,Tom McKenzie - Directions,drums,vocals,12.748354168898981,12.973085626356102,0.00819058899496344
spleeter,Triviul feat. The Fiend - Widow,drums,vocals,12.554979895391147,12.789672207050574,0.014395774485278318
spleeter,We Fell From The Sky - Not You,drums,vocals,10.923906173984513,11.261507605362775,0.009015812753134478
spleeter,Zeno - Signs,drums,vocals,12.896397457046751,13.113782654690343,0.014457553099730385
spleeter,AM Contra - Heart Peripheral,other,non_vocal,12.237611284599554,12.489589704131168,0.01283077690501886
spleeter,Al James - Schoolboy Facination,other,non_vocal,1.2590881057917727,3.6853137857622658,0.02419264340819557
spleeter,Angels In Amplifiers - I'm Alright,other,non_vocal,9.235406885857163,9.724678900568497,0.0194347985371418
spleeter,Arise - Run Run Run,other,non_vocal,13.133660896734893,13.339758337207176,0.0203184659022302
spleeter,BKS - Bulldozer,other,non_vocal,9.887476820238028,10.311754377972996,0.014354982774693865
spleeter,BKS - Too Much,other,non_vocal,9.265711487817974,9.751764752336594,0.010935228572058546
spleeter,Ben Carrigan - We'll Talk About It All Tonight,other,non_vocal,6.871024524486801,7.682842811626777,0.01676055258911794
spleeter,Bobby Nobody - Stitch Up,other,non_vocal,10.24181381395337,10.634305583826684,0.015467654030408902
spleeter,Buitraker - Revo X,other,non_vocal,5.401852216599487,6.501955455558596,0.022130200644119184
spleeter,Carlos Gonzalez - A Place For Us,other,non_vocal,5.3270500590973775,6.4440041258761935,0.02608058165479695
spleeter,Cristina Vane - So Easy,other,non_vocal,7.994060370339886,8.633793773832393,0.01783112381121127
spleeter,Detsky Sad - Walkie Talkie,other,non_vocal,12.312393294969063,12.560190393787835,0.012018515265839816
spleeter,Enda Reilly - Cur An Long Ag Seol,other,non_vocal,6.674704262956739,7.520628286382987,0.021800357420442812
spleeter,Forkupines - Semantics,other,non_vocal,9.946767896686076,10.365561082406852,0.01712920273353275
spleeter,Georgia Wonder - Siren,other,non_vocal,7.381263597240087,8.110218280350763,0.02139470228973293
spleeter,Girls Under Glass - We Feel Alright,other,non_vocal,10.831046551923757,11.175662159140867,0.015428688339017633
spleeter,Hollow Ground - Ill Fate,other,non_vocal,16.483857844320067,16.580366036752096,0.0157720902876036
spleeter,James Elder & Mark M Thompson - The English Actor,other,non_vocal,7.605577522192986,8.300619572159643,0.024447578175000907
spleeter,Juliet's Rescue - Heartbeats,other,non_vocal,12.148829445081883,12.405860979154905,0.013778327452885725
spleeter,Little Chicago's Finest - My Own,other,non_vocal,3.756062424383572,5.2823340540488655,0.007456342006074071
spleeter,Louis Cressy Band - Good Time,other,non_vocal,11.949727653573435,12.218451420302518,0.011874451023086038
spleeter,Lyndsey Ollard - Catching Up,other,non_vocal,9.67459403240213,10.119131585227043,0.009090998870118305
spleeter,M.E.R.C. Music - Knockout,other,non_vocal,6.660405366676805,7.508863515583874,0.017689219815936002
spleeter,Moosmusic - Big Dummy Shake,other,non_vocal,10.03880747958602,10.449220673111645,0.019127731594773514
spleeter,Motor Tapes - Shore,other,non_vocal,8.784210630342479,9.323848012271817,0.02542888244465564
spleeter,Mu - Too Bright,other,non_vocal,6.534458137582165,7.405535806192912,0.018657774235485047
spleeter,Nerve 9 - Pray For The Rain,other,non_vocal,7.734900354303344,8.411057836909107,0.023128522520862414
spleeter,PR - Happy Daze,other,non_vocal,12.642904517556996,12.87301558422066,0.008079032890601386
spleeter,PR - Oh No,other,non_vocal,10.316340760773507,10.702442819897964,0.013161625868752044
spleeter,Punkdisco - Oral Hygiene,other,non_vocal,9.687870408999686,10.13111802854162,0.00640783170852023
spleeter,Raft Monk - Tiring,other,non_vocal,6.166995489602525,7.107208630353311,0.032311561780469664
spleeter,Sambasevam Shanmugam - Kaathaadi,other,non_vocal,11.301277516656604,11.611761966009164,0.012169980876174137
spleeter,Secretariat - Borderline,other,non_vocal,10.706331260206719,11.06058786644785,0.023891195225972193
spleeter,Secretariat - Over The Top,other,non_vocal,11.459660173308775,11.759400438121938,0.016824999755768316
spleeter,Side Effects Project - Sing With Me,other,non_vocal,0.8390069328584355,3.4500328040097736,0.01119201983245197
spleeter,Signe Jakobsen - What Have You Done To Me,other,non_vocal,8.854705741458346,9.386164822939548,0.021808810662782285
spleeter,Skelpolu - Resurrection,other,non_vocal,4.849077788935779,6.079129333345829,0.026498663452721605
spleeter,Speak Softly - Broken Man,other,non_vocal,8.986745169107781,9.503198698883622,0.0216741270658219
spleeter,Speak Softly - Like Horses,other,non_vocal,6.971442161094782,7.766302937258739,0.029735118131404836
spleeter,The Doppler Shift - Atrophy,other,non_vocal,9.025420468516439,9.537554856875525,0.019876023265641647
spleeter,The Easton Ellises (Baumi) - SDRNR,other,non_vocal,3.1251325437765005,4.84810397532137,0.02924346102954004
spleeter,The Easton Ellises - Falcon 69,other,non_vocal,5.307192181126146,6.428657531336767,0.031548489139622465
spleeter,The Long Wait - Dark Horses,other,non_vocal,10.465081257465027,10.838726937513192,0.01408302448868376
spleeter,The Mountaineering Club - Mallory,other,non_vocal,12.108229680188686,12.367604643337192,0.00850828072504578
spleeter,The Sunshine Garcia Band - For I Am The Moon,other,non_vocal,2.5810435005954973,4.489806215132489,0.01567414918904969
spleeter,Timboz - Pony,other,non_vocal,11.253445539831583,11.567247176967086,0.021061122490143105
spleeter,Tom McKenzie - Directions,other,non_vocal,11.249115307824923,11.56321893170617,0.009957267255481884
spleeter,Triviul feat. The Fiend - Widow,other,non_vocal,2.8720198141501507,4.67951670950319,0.01955251132549675
spleeter,We Fell From The Sky - Not You,other,non_vocal,11.016969156273554,11.347678894944508,0.017753790481837776
spleeter,Zeno - Signs,other,non_vocal,8.335008440151357,8.929594898573173,0.027741018693398817
spleeter,AM Contra - Heart Peripheral,other,vocals,12.368829388631042,12.613515668835934,0.013153268416610426
spleeter,Al James - Schoolboy Facination,other,vocals,8.346836350528546,8.939911222984682,0.024334956916778158
spleeter,Angels In Amplifiers - I'm Alright,other,vocals,9.466383539340974,9.931622795162307,0.01989282735724831
spleeter,Arise - Run Run Run,other,vocals,7.918569834058501,8.568720944536366,0.020335946964725102
spleeter,BKS - Bulldozer,other,vocals,1.1572430958418076,3.6273536127153525,0.014600704254340334
spleeter,BKS - Too Much,other,vocals,13.074411096863168,13.28327254157412,0.011103883922607216
spleeter,Ben Carrigan - We'll Talk About It All Tonight,other,vocals,4.505305451744265,5.822711428181934,0.016684834143313426
spleeter,Bobby Nobody - Stitch Up,other,vocals,7.800168019652418,8.46697574357065,0.015979524279944254
spleeter,Buitraker - Revo X,other,vocals,2.7293499339939906,4.5859462495702275,0.022156727092236515
spleeter,Carlos Gonzalez - A Place For Us,other,vocals,6.659046349160704,7.507745707670802,0.026248312948444503
spleeter,Cristina Vane - So Easy,other,vocals,9.451745402512833,9.918473954832068,0.018041541572221247
spleeter,Detsky Sad - Walkie Talkie,other,vocals,10.924996495225383,11.26251638987564,0.012133880583188114
spleeter,Enda Reilly - Cur An Long Ag Seol,other,vocals,9.012732322835305,9.526279920765674,0.021742461369463974
spleeter,Forkupines - Semantics,other,vocals,6.476634924792743,7.358278690426473,0.017245557017878187
spleeter,Georgia Wonder - Siren,other,vocals,5.312470252914949,6.432734982796729,0.02141872958368465
spleeter,Girls Under Glass - We Feel Alright,other,vocals,5.794073425790961,6.809433964815938,0.015324374985882945
spleeter,Hollow Ground - Ill Fate,other,vocals,6.690379544826616,7.533533391353879,0.01586678326911456
spleeter,James Elder & Mark M Thompson - The English Actor,other,vocals,6.476487176533415,7.358158087834653,0.0245746930923925
spleeter,Juliet's Rescue - Heartbeats,other,vocals,8.527378841574972,9.097821681128606,0.013931896333547484
spleeter,Little Chicago's Finest - My Own,other,vocals,12.953704429677162,13.16830923541753,0.008031637129122176
spleeter,Louis Cressy Band - Good Time,other,vocals,9.691055047758052,10.133993776762162,0.012080879563632584
spleeter,Lyndsey Ollard - Catching Up,other,vocals,14.602905802157498,14.75084249298153,0.009177564217192846
spleeter,M.E.R.C. Music - Knockout,other,vocals,8.639471099535287,9.196271789097967,0.017717482100846046
spleeter,Moosmusic - Big Dummy Shake,other,vocals,10.688084819365107,11.043773482965713,0.019315932805758412
spleeter,Motor Tapes - Shore,other,vocals,6.633367417907023,7.486636168905502,0.025450886049851292
spleeter,Mu - Too Bright,other,vocals,8.173103138707985,8.788745253567857,0.01869575781141078
spleeter,Nerve 9 - Pray For The Rain,other,vocals,6.735200783503558,7.5704790036919185,0.023173821825146337
spleeter,PR - Happy Daze,other,vocals,-7.074270056438303,0.7778313266979482,0.008174131804490137
spleeter,PR - Oh No,other,vocals,-1.217750921879752,2.443967191975113,0.013320987034323165
spleeter,Punkdisco - Oral Hygiene,other,vocals,10.880937892718679,11.2217677139804,0.007709729870679514
spleeter,Raft Monk - Tiring,other,vocals,2.756257132134761,4.603512387836039,0.03233794715029008
spleeter,Sambasevam Shanmugam - Kaathaadi,other,vocals,14.063189832378107,14.230330258505308,0.012221462746766915
spleeter,Secretariat - Borderline,other,vocals,6.2882035273727785,7.205085833779728,0.024043513290700872
spleeter,Secretariat - Over The Top,other,vocals,8.47525123747739,9.052144260000013,0.017498498963602095
spleeter,Side Effects Project - Sing With Me,other,vocals,14.328926695198621,14.486324255212113,0.012179080418160642
spleeter,Signe Jakobsen - What Have You Done To Me,other,vocals,9.427682617514762,9.896869155154308,0.02221938235737265
spleeter,Skelpolu - Resurrection,other,vocals,-10.573974444829926,0.3647712927514399,0.025197645900276285
spleeter,Speak Softly - Broken Man,other,vocals,3.9622684340605323,5.428450448485752,0.021681210167271307
spleeter,Speak Softly - Like Horses,other,vocals,7.507650088259713,8.217314471147416,0.029753250782046055
spleeter,The Doppler Shift - Atrophy,other,vocals,7.2168690349111575,7.971635622085808,0.020334670731771882
spleeter,The Easton Ellises (Baumi) - SDRNR,other,vocals,6.076924308416439,7.0348178463824915,0.029118814241527406
spleeter,The Easton Ellises - Falcon 69,other,vocals,4.971551980291658,6.1717142114023815,0.031554061113215334
spleeter,The Long Wait - Dark Horses,other,vocals,7.98239796597605,8.62373060343269,0.01424074858501478
spleeter,The Mountaineering Club - Mallory,other,vocals,12.329266403837085,12.576129432730328,0.00858926167666004
spleeter,The Sunshine Garcia Band - For I Am The Moon,other,vocals,11.635244330304753,11.923493270511836,0.015823555413022612
spleeter,Timboz - Pony,other,vocals,2.5300075631654955,4.456989862381598,0.02110067902141745
spleeter,Tom McKenzie - Directions,other,vocals,10.819413101496325,11.164917254277928,0.010120447879359899
spleeter,Triviul feat. The Fiend - Widow,other,vocals,9.818825921020526,10.249539034277081,0.01953292791874984
spleeter,We Fell From The Sky - Not You,other,vocals,3.695123513848541,5.239542113627786,0.018042344087493313
spleeter,Zeno - Signs,other,vocals,6.309647473535646,7.222456652402448,0.028489942070683075
