song,condition,vocal_rms_db_raw,vocal_rms_db_after_effect,rms_match_gain_db,mix_scale_db,mix_peak
AM_Contra_-_Heart_Peripheral,original,-24.63,-24.63,0.0,0.0,0.9958
AM_Contra_-_Heart_Peripheral,reverb_l1,-24.63,-25.7,1.06,0.0,0.9801
AM_Contra_-_Heart_Peripheral,reverb_l2,-24.63,-24.97,0.34,0.0,0.8959
AM_Contra_-_Heart_Peripheral,reverb_l3,-24.63,-20.85,-3.78,0.0,0.9749
AM_Contra_-_Heart_Peripheral,reverb_l4,-24.63,-16.57,-8.06,0.0,0.9875
AM_Contra_-_Heart_Peripheral,delay_l2,-24.63,-23.41,-1.22,0.0,0.9622
AM_Contra_-_Heart_Peripheral,delay_l3,-24.63,-22.94,-1.69,0.0,0.9304
AM_Contra_-_Heart_Peripheral,delay_l4,-24.63,-22.43,-2.21,0.0,0.9365
AM_Contra_-_Heart_Peripheral,bitcrush_l4,-24.63,-24.57,-0.06,0.0,0.9865
AM_Contra_-_Heart_Peripheral,compression_l1,-24.63,-26.48,1.85,0.0,0.9679
AM_Contra_-_Heart_Peripheral,compression_l2,-24.63,-29.87,5.24,0.0,0.9286
AM_Contra_-_Heart_Peripheral,compression_l3,-24.63,-30.08,5.45,0.0,0.9118
AM_Contra_-_Heart_Peripheral,compression_l4,-24.63,-31.71,7.08,0.0,0.9581
Al_James_-_Schoolboy_Facination,original,-22.8,-22.8,0.0,0.0,0.9926
Al_James_-_Schoolboy_Facination,delay_l2,-22.8,-21.6,-1.19,0.0,0.976
Al_James_-_Schoolboy_Facination,delay_l3,-22.8,-21.11,-1.68,0.0,0.8884
Al_James_-_Schoolboy_Facination,delay_l4,-22.8,-20.65,-2.15,0.0,0.9213
Al_James_-_Schoolboy_Facination,bitcrush_l1,-22.8,-22.8,0.0,0.0,0.9616
Al_James_-_Schoolboy_Facination,bitcrush_l2,-22.8,-22.8,0.0,0.0,0.9625
Al_James_-_Schoolboy_Facination,bitcrush_l3,-22.8,-22.79,-0.0,0.0,0.9644
Al_James_-_Schoolboy_Facination,bitcrush_l4,-22.8,-22.74,-0.05,0.0,0.963
Al_James_-_Schoolboy_Facination,compression_l1,-22.8,-24.86,2.07,0.0,0.9701
Al_James_-_Schoolboy_Facination,compression_l2,-22.8,-28.56,5.76,0.0,0.9342
Angels_In_Amplifiers_-_I'm_Alright,reverb_l2,-22.91,-23.14,0.23,0.0,0.9539
Angels_In_Amplifiers_-_I'm_Alright,reverb_l3,-22.91,-18.69,-4.22,0.0,0.9047
Angels_In_Amplifiers_-_I'm_Alright,reverb_l4,-22.91,-14.3,-8.61,0.0,0.9133
Angels_In_Amplifiers_-_I'm_Alright,delay_l1,-22.91,-22.28,-0.63,0.0,0.9768
Angels_In_Amplifiers_-_I'm_Alright,delay_l2,-22.91,-21.74,-1.17,0.0,0.9267
Angels_In_Amplifiers_-_I'm_Alright,delay_l3,-22.91,-21.25,-1.66,0.0,0.9394
Angels_In_Amplifiers_-_I'm_Alright,delay_l4,-22.91,-20.81,-2.1,0.0,0.9957
Angels_In_Amplifiers_-_I'm_Alright,bitcrush_l1,-22.91,-22.91,0.0,0.0,0.9893
Angels_In_Amplifiers_-_I'm_Alright,bitcrush_l2,-22.91,-22.91,0.0,0.0,0.9903
Angels_In_Amplifiers_-_I'm_Alright,bitcrush_l3,-22.91,-22.91,-0.0,0.0,0.9921
Angels_In_Amplifiers_-_I'm_Alright,bitcrush_l4,-22.91,-22.87,-0.03,0.0,0.9907
Angels_In_Amplifiers_-_I'm_Alright,compression_l1,-22.91,-25.51,2.6,0.0,0.9928
Arise_-_Run_Run_Run,original,-25.35,-25.35,0.0,0.0,0.9979
Arise_-_Run_Run_Run,bitcrush_l1,-25.35,-25.35,0.0,0.0,0.9978
Arise_-_Run_Run_Run,bitcrush_l2,-25.35,-25.35,0.0,0.0,0.9978
Arise_-_Run_Run_Run,bitcrush_l3,-25.35,-25.35,-0.0,0.0,0.9978
Arise_-_Run_Run_Run,bitcrush_l4,-25.35,-25.29,-0.06,0.0,0.9978
Arise_-_Run_Run_Run,compression_l1,-25.35,-27.1,1.75,0.0,0.9979
BKS_-_Bulldozer,original,-27.14,-27.14,0.0,0.0,0.9978
BKS_-_Bulldozer,delay_l4,-27.14,-25.03,-2.11,0.0,0.9871
BKS_-_Bulldozer,bitcrush_l1,-27.14,-27.14,0.0,0.0,0.9979
BKS_-_Bulldozer,bitcrush_l2,-27.14,-27.14,0.0,0.0,0.9979
BKS_-_Bulldozer,bitcrush_l3,-27.14,-27.14,-0.0,0.0,0.9959
BKS_-_Bulldozer,bitcrush_l4,-27.14,-27.06,-0.08,0.0,0.9941
BKS_-_Too_Much,original,-25.48,-25.48,0.0,0.0,0.9556
BKS_-_Too_Much,reverb_l1,-25.48,-26.6,1.12,0.0,0.9655
BKS_-_Too_Much,reverb_l2,-25.48,-25.69,0.21,0.0,0.9457
BKS_-_Too_Much,reverb_l3,-25.48,-21.27,-4.22,0.0,0.971
BKS_-_Too_Much,reverb_l4,-25.48,-16.89,-8.59,0.0,0.9644
BKS_-_Too_Much,delay_l1,-25.48,-24.86,-0.62,0.0,0.9424
BKS_-_Too_Much,delay_l2,-25.48,-24.29,-1.19,0.0,0.9233
BKS_-_Too_Much,delay_l3,-25.48,-23.8,-1.68,0.0,0.9176
BKS_-_Too_Much,delay_l4,-25.48,-23.37,-2.11,0.0,0.9728
BKS_-_Too_Much,bitcrush_l1,-25.48,-25.48,0.0,0.0,0.9521
BKS_-_Too_Much,bitcrush_l2,-25.48,-25.48,0.0,0.0,0.953
BKS_-_Too_Much,bitcrush_l3,-25.48,-25.48,0.0,0.0,0.949
BKS_-_Too_Much,bitcrush_l4,-25.48,-25.43,-0.05,0.0,0.9634
BKS_-_Too_Much,compression_l1,-25.48,-27.46,1.98,0.0,0.9503
BKS_-_Too_Much,compression_l2,-25.48,-30.94,5.46,0.0,0.9515
BKS_-_Too_Much,compression_l3,-25.48,-31.16,5.68,0.0,0.9725
Ben_Carrigan_-_We'll_Talk_About_It_All_Tonight,original,-29.25,-29.25,0.0,0.0,0.9919
Ben_Carrigan_-_We'll_Talk_About_It_All_Tonight,reverb_l1,-29.25,-29.43,0.18,0.0,0.9954
Ben_Carrigan_-_We'll_Talk_About_It_All_Tonight,reverb_l2,-29.25,-24.91,-4.35,0.0,0.9523
Ben_Carrigan_-_We'll_Talk_About_It_All_Tonight,reverb_l3,-29.25,-18.95,-10.3,0.0,0.9208
Ben_Carrigan_-_We'll_Talk_About_It_All_Tonight,reverb_l4,-29.25,-14.4,-14.85,0.0,0.909
Ben_Carrigan_-_We'll_Talk_About_It_All_Tonight,delay_l1,-29.25,-28.74,-0.52,0.0,0.9792
Ben_Carrigan_-_We'll_Talk_About_It_All_Tonight,delay_l2,-29.25,-28.01,-1.25,0.0,0.9923
Ben_Carrigan_-_We'll_Talk_About_It_All_Tonight,delay_l4,-29.25,-27.1,-2.16,0.0,0.9873
Ben_Carrigan_-_We'll_Talk_About_It_All_Tonight,bitcrush_l1,-29.25,-29.26,0.01,0.0,0.9922
Ben_Carrigan_-_We'll_Talk_About_It_All_Tonight,bitcrush_l2,-29.25,-29.26,0.01,0.0,0.9922
Ben_Carrigan_-_We'll_Talk_About_It_All_Tonight,bitcrush_l3,-29.25,-29.25,-0.0,0.0,0.9901
Ben_Carrigan_-_We'll_Talk_About_It_All_Tonight,bitcrush_l4,-29.25,-29.13,-0.12,0.0,0.9884
Ben_Carrigan_-_We'll_Talk_About_It_All_Tonight,compression_l1,-29.25,-30.25,0.99,0.0,0.979
Ben_Carrigan_-_We'll_Talk_About_It_All_Tonight,compression_l2,-29.25,-32.32,3.07,0.0,0.9594
Ben_Carrigan_-_We'll_Talk_About_It_All_Tonight,compression_l3,-29.25,-31.79,2.54,0.0,0.9485
Ben_Carrigan_-_We'll_Talk_About_It_All_Tonight,compression_l4,-29.25,-33.13,3.88,0.0,0.9447
Bobby_Nobody_-_Stitch_Up,original,-27.16,-27.16,0.0,0.0,0.9975
Bobby_Nobody_-_Stitch_Up,reverb_l1,-27.16,-28.33,1.17,0.0,0.9747
Bobby_Nobody_-_Stitch_Up,reverb_l2,-27.16,-27.69,0.53,0.0,0.9212
Bobby_Nobody_-_Stitch_Up,reverb_l3,-27.16,-23.42,-3.74,0.0,0.917
Bobby_Nobody_-_Stitch_Up,reverb_l4,-27.16,-19.05,-8.1,0.0,0.917
Bobby_Nobody_-_Stitch_Up,delay_l2,-27.16,-25.94,-1.22,0.0,0.9798
Bobby_Nobody_-_Stitch_Up,delay_l3,-27.16,-25.46,-1.7,0.0,0.9647
Bobby_Nobody_-_Stitch_Up,delay_l4,-27.16,-25.01,-2.15,0.0,0.9619
Bobby_Nobody_-_Stitch_Up,bitcrush_l1,-27.16,-27.16,0.0,0.0,0.9973
Bobby_Nobody_-_Stitch_Up,bitcrush_l2,-27.16,-27.16,0.0,0.0,0.9968
Bobby_Nobody_-_Stitch_Up,bitcrush_l3,-27.16,-27.15,-0.0,0.0,0.9987
Bobby_Nobody_-_Stitch_Up,bitcrush_l4,-27.16,-27.06,-0.1,0.0,0.9949
Bobby_Nobody_-_Stitch_Up,compression_l1,-27.16,-28.42,1.26,0.0,0.9884
Bobby_Nobody_-_Stitch_Up,compression_l2,-27.16,-30.84,3.69,0.0,0.9695
Bobby_Nobody_-_Stitch_Up,compression_l3,-27.16,-30.49,3.34,0.0,0.9596
Buitraker_-_Revo_X,reverb_l1,-27.72,-28.86,1.14,0.0,0.9951
Buitraker_-_Revo_X,reverb_l2,-27.72,-28.19,0.47,0.0,0.9983
Buitraker_-_Revo_X,delay_l1,-27.72,-27.08,-0.63,0.0,0.9913
Buitraker_-_Revo_X,delay_l3,-27.72,-26.05,-1.67,0.0,0.967
Buitraker_-_Revo_X,delay_l4,-27.72,-25.58,-2.14,0.0,0.9924
Buitraker_-_Revo_X,compression_l1,-27.72,-28.78,1.06,0.0,0.9951
Buitraker_-_Revo_X,compression_l2,-27.72,-31.16,3.44,0.0,0.9869
Carlos_Gonzalez_-_A_Place_For_Us,delay_l1,-23.46,-22.75,-0.7,0.0,0.9896
Carlos_Gonzalez_-_A_Place_For_Us,delay_l2,-23.46,-22.25,-1.21,0.0,0.9755
Carlos_Gonzalez_-_A_Place_For_Us,delay_l4,-23.46,-21.35,-2.11,0.0,0.9284
Carlos_Gonzalez_-_A_Place_For_Us,bitcrush_l1,-23.46,-23.46,0.0,0.0,0.9761
Carlos_Gonzalez_-_A_Place_For_Us,bitcrush_l2,-23.46,-23.46,0.0,0.0,0.9756
Carlos_Gonzalez_-_A_Place_For_Us,bitcrush_l3,-23.46,-23.46,-0.0,0.0,0.9735
Carlos_Gonzalez_-_A_Place_For_Us,bitcrush_l4,-23.46,-23.41,-0.05,0.0,0.9642
Cristina_Vane_-_So_Easy,original,-24.38,-24.38,0.0,0.0,0.9951
Cristina_Vane_-_So_Easy,reverb_l1,-24.38,-25.47,1.08,0.0,0.9937
Cristina_Vane_-_So_Easy,reverb_l2,-24.38,-24.81,0.43,0.0,0.9653
Cristina_Vane_-_So_Easy,reverb_l3,-24.38,-20.73,-3.65,0.0,0.9311
Cristina_Vane_-_So_Easy,reverb_l4,-24.38,-16.46,-7.92,0.0,0.927
Cristina_Vane_-_So_Easy,delay_l1,-24.38,-23.84,-0.54,0.0,0.9495
Cristina_Vane_-_So_Easy,delay_l2,-24.38,-23.21,-1.17,0.0,0.94
Cristina_Vane_-_So_Easy,delay_l3,-24.38,-22.75,-1.63,0.0,0.9648
Cristina_Vane_-_So_Easy,delay_l4,-24.38,-22.26,-2.12,0.0,0.9615
Cristina_Vane_-_So_Easy,compression_l1,-24.38,-26.39,2.0,0.0,0.9868
Cristina_Vane_-_So_Easy,compression_l2,-24.38,-29.96,5.58,0.0,0.9565
Cristina_Vane_-_So_Easy,compression_l3,-24.38,-30.25,5.86,0.0,0.9349
Detsky_Sad_-_Walkie_Talkie,original,-26.89,-26.89,0.0,0.0,0.9952
Detsky_Sad_-_Walkie_Talkie,reverb_l1,-26.89,-28.1,1.21,0.0,0.9952
Detsky_Sad_-_Walkie_Talkie,reverb_l2,-26.89,-27.7,0.81,0.0,0.9952
Detsky_Sad_-_Walkie_Talkie,reverb_l3,-26.89,-23.63,-3.26,0.0,0.9952
Detsky_Sad_-_Walkie_Talkie,reverb_l4,-26.89,-19.28,-7.61,0.0,0.9952
Detsky_Sad_-_Walkie_Talkie,delay_l1,-26.89,-26.25,-0.64,0.0,0.9952
Detsky_Sad_-_Walkie_Talkie,delay_l2,-26.89,-25.71,-1.18,0.0,0.9952
Detsky_Sad_-_Walkie_Talkie,delay_l3,-26.89,-25.22,-1.67,0.0,0.9952
Detsky_Sad_-_Walkie_Talkie,delay_l4,-26.89,-24.76,-2.13,0.0,0.9952
Detsky_Sad_-_Walkie_Talkie,bitcrush_l1,-26.89,-26.89,0.0,0.0,0.9952
Detsky_Sad_-_Walkie_Talkie,bitcrush_l2,-26.89,-26.89,0.0,0.0,0.9952
Detsky_Sad_-_Walkie_Talkie,bitcrush_l3,-26.89,-26.89,-0.0,0.0,0.9952
Detsky_Sad_-_Walkie_Talkie,bitcrush_l4,-26.89,-26.86,-0.03,0.0,0.9952
Detsky_Sad_-_Walkie_Talkie,compression_l1,-26.89,-29.41,2.52,0.0,0.9952
Detsky_Sad_-_Walkie_Talkie,compression_l2,-26.89,-33.69,6.8,0.0,0.9952
Enda_Reilly_-_Cur_An_Long_Ag_Seol,original,-23.58,-23.58,0.0,0.0,0.9796
Enda_Reilly_-_Cur_An_Long_Ag_Seol,reverb_l1,-23.58,-24.44,0.86,0.0,0.9842
Enda_Reilly_-_Cur_An_Long_Ag_Seol,reverb_l2,-23.58,-22.23,-1.35,-0.747,0.999
Enda_Reilly_-_Cur_An_Long_Ag_Seol,reverb_l3,-23.58,-17.07,-6.51,-1.172,0.999
Enda_Reilly_-_Cur_An_Long_Ag_Seol,reverb_l4,-23.58,-12.61,-10.97,-1.289,0.999
Enda_Reilly_-_Cur_An_Long_Ag_Seol,delay_l1,-23.58,-23.02,-0.56,0.0,0.9802
Enda_Reilly_-_Cur_An_Long_Ag_Seol,delay_l2,-23.58,-22.42,-1.16,-0.289,0.999
Enda_Reilly_-_Cur_An_Long_Ag_Seol,delay_l3,-23.58,-21.88,-1.71,0.0,0.9803
Enda_Reilly_-_Cur_An_Long_Ag_Seol,delay_l4,-23.58,-21.49,-2.09,-0.181,0.999
Enda_Reilly_-_Cur_An_Long_Ag_Seol,bitcrush_l1,-23.58,-23.59,0.0,0.0,0.9728
Enda_Reilly_-_Cur_An_Long_Ag_Seol,bitcrush_l2,-23.58,-23.59,0.0,0.0,0.9723
Enda_Reilly_-_Cur_An_Long_Ag_Seol,bitcrush_l3,-23.58,-23.58,0.0,0.0,0.9703
Enda_Reilly_-_Cur_An_Long_Ag_Seol,bitcrush_l4,-23.58,-23.54,-0.04,0.0,0.9861
Enda_Reilly_-_Cur_An_Long_Ag_Seol,compression_l1,-23.58,-25.89,2.31,0.0,0.9509
Enda_Reilly_-_Cur_An_Long_Ag_Seol,compression_l2,-23.58,-29.75,6.17,0.0,0.9396
Enda_Reilly_-_Cur_An_Long_Ag_Seol,compression_l3,-23.58,-30.02,6.43,-1.931,0.999
Enda_Reilly_-_Cur_An_Long_Ag_Seol,compression_l4,-23.58,-31.67,8.09,-3.007,0.999
Ben_Carrigan_-_We'll_Talk_About_It_All_Tonight,delay_l3,-29.25,-27.48,-1.77,-0.357,0.999
AM_Contra_-_Heart_Peripheral,delay_l1,-24.63,-24.05,-0.58,-0.552,0.999
AM_Contra_-_Heart_Peripheral,bitcrush_l1,-24.63,-24.64,0.0,-0.026,0.999
AM_Contra_-_Heart_Peripheral,bitcrush_l2,-24.63,-24.64,0.0,-0.026,0.999
AM_Contra_-_Heart_Peripheral,bitcrush_l3,-24.63,-24.63,-0.0,-0.042,0.999
BKS_-_Too_Much,compression_l4,-25.48,-32.73,7.25,-1.669,0.999
Bobby_Nobody_-_Stitch_Up,delay_l1,-27.16,-26.53,-0.63,-0.095,0.999
Bobby_Nobody_-_Stitch_Up,compression_l4,-27.16,-31.89,4.73,-1.645,0.999
Cristina_Vane_-_So_Easy,bitcrush_l1,-24.38,-24.38,0.0,-0.037,0.999
Cristina_Vane_-_So_Easy,bitcrush_l2,-24.38,-24.38,0.0,-0.028,0.999
Cristina_Vane_-_So_Easy,bitcrush_l3,-24.38,-24.38,-0.0,-0.027,0.999
Cristina_Vane_-_So_Easy,bitcrush_l4,-24.38,-24.33,-0.05,-0.144,0.999
Cristina_Vane_-_So_Easy,compression_l4,-24.38,-31.79,7.41,-0.67,0.999
Detsky_Sad_-_Walkie_Talkie,compression_l3,-26.89,-34.33,7.44,-2.162,0.999
Detsky_Sad_-_Walkie_Talkie,compression_l4,-26.89,-35.73,8.84,-7.214,0.999
Angels_In_Amplifiers_-_I'm_Alright,original,-22.91,-22.91,0.0,-0.025,0.999
Angels_In_Amplifiers_-_I'm_Alright,reverb_l1,-22.91,-24.04,1.13,-0.057,0.999
Angels_In_Amplifiers_-_I'm_Alright,compression_l2,-22.91,-29.72,6.81,-0.024,0.999
Angels_In_Amplifiers_-_I'm_Alright,compression_l3,-22.91,-30.21,7.3,-2.275,0.999
Angels_In_Amplifiers_-_I'm_Alright,compression_l4,-22.91,-31.72,8.81,-6.694,0.999
Al_James_-_Schoolboy_Facination,reverb_l1,-22.8,-23.78,0.99,-0.009,0.999
Al_James_-_Schoolboy_Facination,reverb_l2,-22.8,-22.43,-0.37,-0.922,0.999
Al_James_-_Schoolboy_Facination,reverb_l3,-22.8,-17.78,-5.01,-2.466,0.999
Al_James_-_Schoolboy_Facination,reverb_l4,-22.8,-13.41,-9.39,-2.678,0.999
Al_James_-_Schoolboy_Facination,delay_l1,-22.8,-22.17,-0.63,-0.001,0.999
Al_James_-_Schoolboy_Facination,compression_l3,-22.8,-28.97,6.18,-2.183,0.999
Al_James_-_Schoolboy_Facination,compression_l4,-22.8,-30.64,7.85,-5.559,0.999
Arise_-_Run_Run_Run,reverb_l1,-25.35,-26.31,0.96,-0.009,0.999
Arise_-_Run_Run_Run,reverb_l2,-25.35,-23.8,-1.55,-1.598,0.999
Arise_-_Run_Run_Run,reverb_l3,-25.35,-18.32,-7.03,-2.024,0.999
Arise_-_Run_Run_Run,reverb_l4,-25.35,-13.77,-11.58,-2.029,0.999
Arise_-_Run_Run_Run,delay_l1,-25.35,-24.8,-0.55,-0.034,0.999
Arise_-_Run_Run_Run,delay_l2,-25.35,-24.17,-1.18,-0.094,0.999
Arise_-_Run_Run_Run,delay_l3,-25.35,-23.63,-1.72,-0.195,0.999
Arise_-_Run_Run_Run,delay_l4,-25.35,-23.18,-2.16,-0.134,0.999
Arise_-_Run_Run_Run,compression_l2,-25.35,-30.39,5.04,-0.054,0.999
Arise_-_Run_Run_Run,compression_l3,-25.35,-30.61,5.26,-0.747,0.999
Arise_-_Run_Run_Run,compression_l4,-25.35,-32.16,6.82,-2.934,0.999
Buitraker_-_Revo_X,original,-27.72,-27.72,0.0,-0.032,0.999
Buitraker_-_Revo_X,reverb_l3,-27.72,-23.98,-3.74,-0.089,0.999
Buitraker_-_Revo_X,reverb_l4,-27.72,-19.64,-8.08,-0.082,0.999
Buitraker_-_Revo_X,delay_l2,-27.72,-26.51,-1.21,-0.305,0.999
Buitraker_-_Revo_X,bitcrush_l1,-27.72,-27.72,0.0,-0.099,0.999
Buitraker_-_Revo_X,bitcrush_l2,-27.72,-27.72,0.0,-0.095,0.999
Buitraker_-_Revo_X,bitcrush_l3,-27.72,-27.71,-0.01,-0.077,0.999
Buitraker_-_Revo_X,bitcrush_l4,-27.72,-27.6,-0.12,-0.197,0.999
Buitraker_-_Revo_X,compression_l3,-27.72,-30.89,3.17,-0.126,0.999
Buitraker_-_Revo_X,compression_l4,-27.72,-32.27,4.55,-3.198,0.999
Hollow_Ground_-_Ill_Fate,original,-28.46,-28.46,0.0,-0.037,0.999
Hollow_Ground_-_Ill_Fate,reverb_l1,-28.46,-29.5,1.04,0.0,0.9897
Hollow_Ground_-_Ill_Fate,reverb_l2,-28.46,-28.45,-0.01,0.0,0.99
Hollow_Ground_-_Ill_Fate,reverb_l3,-28.46,-24.04,-4.43,0.0,0.9845
Hollow_Ground_-_Ill_Fate,reverb_l4,-28.46,-19.7,-8.76,0.0,0.9778
Hollow_Ground_-_Ill_Fate,delay_l1,-28.46,-27.82,-0.64,-0.123,0.999
Hollow_Ground_-_Ill_Fate,delay_l2,-28.46,-27.31,-1.16,0.0,0.9939
Hollow_Ground_-_Ill_Fate,delay_l3,-28.46,-26.77,-1.69,0.0,0.9976
Hollow_Ground_-_Ill_Fate,delay_l4,-28.46,-26.34,-2.12,0.0,0.9882
Hollow_Ground_-_Ill_Fate,bitcrush_l1,-28.46,-28.47,0.01,-0.037,0.999
Hollow_Ground_-_Ill_Fate,bitcrush_l2,-28.46,-28.47,0.01,-0.037,0.999
Hollow_Ground_-_Ill_Fate,bitcrush_l3,-28.46,-28.46,-0.0,-0.037,0.999
Hollow_Ground_-_Ill_Fate,bitcrush_l4,-28.46,-28.38,-0.08,0.0,0.9948
Hollow_Ground_-_Ill_Fate,compression_l1,-28.46,-29.68,1.22,-0.047,0.999
Hollow_Ground_-_Ill_Fate,compression_l2,-28.46,-32.33,3.86,-0.045,0.999
Hollow_Ground_-_Ill_Fate,compression_l3,-28.46,-32.02,3.56,-0.032,0.999
Hollow_Ground_-_Ill_Fate,compression_l4,-28.46,-33.29,4.83,-0.043,0.999
Carlos_Gonzalez_-_A_Place_For_Us,original,-23.46,-23.46,0.0,-0.063,0.999
Carlos_Gonzalez_-_A_Place_For_Us,reverb_l1,-23.46,-24.24,0.78,-0.226,0.999
Carlos_Gonzalez_-_A_Place_For_Us,reverb_l2,-23.46,-22.13,-1.32,-3.047,0.999
Carlos_Gonzalez_-_A_Place_For_Us,reverb_l3,-23.46,-17.14,-6.32,-4.209,0.999
Carlos_Gonzalez_-_A_Place_For_Us,reverb_l4,-23.46,-12.74,-10.72,-4.329,0.999
Carlos_Gonzalez_-_A_Place_For_Us,delay_l3,-23.46,-21.8,-1.66,-0.167,0.999
Carlos_Gonzalez_-_A_Place_For_Us,compression_l1,-23.46,-25.74,2.28,-0.257,0.999
Carlos_Gonzalez_-_A_Place_For_Us,compression_l2,-23.46,-29.6,6.14,-0.451,0.999
Carlos_Gonzalez_-_A_Place_For_Us,compression_l3,-23.46,-29.97,6.51,-0.407,0.999
Carlos_Gonzalez_-_A_Place_For_Us,compression_l4,-23.46,-31.61,8.15,-2.861,0.999
Forkupines_-_Semantics,original,-26.36,-26.36,0.0,0.0,0.9889
Forkupines_-_Semantics,reverb_l1,-26.36,-27.5,1.13,-0.18,0.999
Forkupines_-_Semantics,reverb_l2,-26.36,-27.19,0.83,-0.436,0.999
Forkupines_-_Semantics,reverb_l3,-26.36,-23.44,-2.92,-0.591,0.999
Forkupines_-_Semantics,reverb_l4,-26.36,-19.22,-7.14,-0.486,0.999
Forkupines_-_Semantics,delay_l1,-26.36,-25.75,-0.61,-0.14,0.999
Forkupines_-_Semantics,delay_l2,-26.36,-25.19,-1.18,-0.149,0.999
Forkupines_-_Semantics,delay_l3,-26.36,-24.68,-1.68,-0.638,0.999
Forkupines_-_Semantics,delay_l4,-26.36,-24.26,-2.1,-0.039,0.999
Forkupines_-_Semantics,bitcrush_l1,-26.36,-26.37,0.0,-0.474,0.999
Forkupines_-_Semantics,bitcrush_l2,-26.36,-26.37,0.0,-0.466,0.999
Forkupines_-_Semantics,bitcrush_l3,-26.36,-26.36,0.0,-0.497,0.999
Forkupines_-_Semantics,bitcrush_l4,-26.36,-26.32,-0.04,-0.422,0.999
Forkupines_-_Semantics,compression_l1,-26.36,-28.58,2.21,0.0,0.9782
Forkupines_-_Semantics,compression_l2,-26.36,-32.51,6.14,0.0,0.9581
Forkupines_-_Semantics,compression_l3,-26.36,-33.02,6.66,-0.976,0.999
Forkupines_-_Semantics,compression_l4,-26.36,-34.48,8.12,-6.424,0.999
BKS_-_Bulldozer,reverb_l1,-27.14,-28.25,1.11,-0.031,0.999
BKS_-_Bulldozer,reverb_l2,-27.14,-27.27,0.14,-0.511,0.999
BKS_-_Bulldozer,reverb_l3,-27.14,-22.79,-4.34,-0.658,0.999
BKS_-_Bulldozer,reverb_l4,-27.14,-18.41,-8.73,-0.584,0.999
BKS_-_Bulldozer,delay_l1,-27.14,-26.51,-0.63,-0.058,0.999
BKS_-_Bulldozer,delay_l2,-27.14,-25.94,-1.2,-0.132,0.999
BKS_-_Bulldozer,delay_l3,-27.14,-25.44,-1.7,-0.112,0.999
BKS_-_Bulldozer,compression_l1,-27.14,-28.57,1.43,-0.064,0.999
BKS_-_Bulldozer,compression_l2,-27.14,-31.49,4.35,-0.212,0.999
BKS_-_Bulldozer,compression_l3,-27.14,-31.51,4.37,-0.316,0.999
BKS_-_Bulldozer,compression_l4,-27.14,-32.98,5.84,-0.784,0.999
James_Elder_&_Mark_M_Thompson_-_The_English_Actor,original,-24.06,-24.06,0.0,0.0,0.9975
James_Elder_&_Mark_M_Thompson_-_The_English_Actor,reverb_l1,-24.06,-25.15,1.09,-0.093,0.999
James_Elder_&_Mark_M_Thompson_-_The_English_Actor,reverb_l2,-24.06,-24.39,0.33,0.0,0.9454
James_Elder_&_Mark_M_Thompson_-_The_English_Actor,reverb_l3,-24.06,-20.17,-3.89,0.0,0.914
James_Elder_&_Mark_M_Thompson_-_The_English_Actor,reverb_l4,-24.06,-15.85,-8.21,0.0,0.9674
James_Elder_&_Mark_M_Thompson_-_The_English_Actor,delay_l1,-24.06,-23.45,-0.61,0.0,0.9537
James_Elder_&_Mark_M_Thompson_-_The_English_Actor,delay_l2,-24.06,-22.81,-1.25,0.0,0.9545
James_Elder_&_Mark_M_Thompson_-_The_English_Actor,delay_l3,-24.06,-22.33,-1.73,0.0,0.9262
James_Elder_&_Mark_M_Thompson_-_The_English_Actor,delay_l4,-24.06,-21.88,-2.18,-0.057,0.999
James_Elder_&_Mark_M_Thompson_-_The_English_Actor,bitcrush_l1,-24.06,-24.06,0.0,0.0,0.9827
James_Elder_&_Mark_M_Thompson_-_The_English_Actor,bitcrush_l2,-24.06,-24.06,0.0,0.0,0.9822
James_Elder_&_Mark_M_Thompson_-_The_English_Actor,bitcrush_l3,-24.06,-24.06,-0.0,0.0,0.986
James_Elder_&_Mark_M_Thompson_-_The_English_Actor,bitcrush_l4,-24.06,-24.0,-0.06,0.0,0.9758
James_Elder_&_Mark_M_Thompson_-_The_English_Actor,compression_l1,-24.06,-26.46,2.41,0.0,0.9613
James_Elder_&_Mark_M_Thompson_-_The_English_Actor,compression_l2,-24.06,-30.02,5.96,0.0,0.8823
James_Elder_&_Mark_M_Thompson_-_The_English_Actor,compression_l3,-24.06,-30.07,6.01,0.0,0.9225
James_Elder_&_Mark_M_Thompson_-_The_English_Actor,compression_l4,-24.06,-31.62,7.56,-0.437,0.999
Girls_Under_Glass_-_We_Feel_Alright,original,-29.28,-29.28,0.0,-0.032,0.999
Girls_Under_Glass_-_We_Feel_Alright,reverb_l1,-29.28,-29.41,0.13,0.0,0.9856
Girls_Under_Glass_-_We_Feel_Alright,reverb_l2,-29.28,-24.9,-4.38,-0.312,0.999
Girls_Under_Glass_-_We_Feel_Alright,reverb_l3,-29.28,-18.98,-10.3,-0.674,0.999
Girls_Under_Glass_-_We_Feel_Alright,reverb_l4,-29.28,-14.44,-14.84,-0.707,0.999
Girls_Under_Glass_-_We_Feel_Alright,delay_l1,-29.28,-28.65,-0.63,0.0,0.9733
Girls_Under_Glass_-_We_Feel_Alright,delay_l2,-29.28,-28.08,-1.2,-0.276,0.999
Girls_Under_Glass_-_We_Feel_Alright,delay_l3,-29.28,-27.6,-1.68,0.0,0.9865
Girls_Under_Glass_-_We_Feel_Alright,delay_l4,-29.28,-27.16,-2.12,0.0,0.8734
Girls_Under_Glass_-_We_Feel_Alright,bitcrush_l1,-29.28,-29.28,0.0,0.0,0.9867
Girls_Under_Glass_-_We_Feel_Alright,bitcrush_l2,-29.28,-29.28,0.0,0.0,0.9862
Girls_Under_Glass_-_We_Feel_Alright,bitcrush_l3,-29.28,-29.28,-0.0,0.0,0.99
Girls_Under_Glass_-_We_Feel_Alright,bitcrush_l4,-29.28,-29.21,-0.07,0.0,0.9722
Girls_Under_Glass_-_We_Feel_Alright,compression_l1,-29.28,-31.0,1.72,0.0,0.987
Girls_Under_Glass_-_We_Feel_Alright,compression_l2,-29.28,-34.22,4.94,0.0,0.9585
Girls_Under_Glass_-_We_Feel_Alright,compression_l3,-29.28,-34.34,5.06,0.0,0.9361
Girls_Under_Glass_-_We_Feel_Alright,compression_l4,-29.28,-35.62,6.33,-4.106,0.999
Lyndsey_Ollard_-_Catching_Up,original,-25.84,-25.84,0.0,0.0,0.9988
Lyndsey_Ollard_-_Catching_Up,reverb_l1,-25.84,-26.96,1.11,-0.016,0.999
Lyndsey_Ollard_-_Catching_Up,reverb_l2,-25.84,-26.42,0.58,0.0,0.9368
Lyndsey_Ollard_-_Catching_Up,reverb_l3,-25.84,-22.42,-3.42,0.0,0.9236
Lyndsey_Ollard_-_Catching_Up,reverb_l4,-25.84,-18.16,-7.69,0.0,0.9289
Lyndsey_Ollard_-_Catching_Up,delay_l1,-25.84,-25.23,-0.61,0.0,0.993
Lyndsey_Ollard_-_Catching_Up,delay_l2,-25.84,-24.61,-1.23,0.0,0.943
Lyndsey_Ollard_-_Catching_Up,delay_l3,-25.84,-24.17,-1.67,0.0,0.9587
Lyndsey_Ollard_-_Catching_Up,delay_l4,-25.84,-23.68,-2.16,0.0,0.9397
Lyndsey_Ollard_-_Catching_Up,bitcrush_l1,-25.84,-25.85,0.0,0.0,0.997
Lyndsey_Ollard_-_Catching_Up,bitcrush_l2,-25.84,-25.85,0.0,0.0,0.9975
Lyndsey_Ollard_-_Catching_Up,bitcrush_l3,-25.84,-25.84,-0.0,0.0,0.9945
Lyndsey_Ollard_-_Catching_Up,bitcrush_l4,-25.84,-25.78,-0.06,0.0,0.9978
Lyndsey_Ollard_-_Catching_Up,compression_l1,-25.84,-28.11,2.27,0.0,0.9287
Lyndsey_Ollard_-_Catching_Up,compression_l2,-25.84,-31.3,5.46,0.0,0.8582
Lyndsey_Ollard_-_Catching_Up,compression_l3,-25.84,-30.98,5.14,-0.126,0.999
Lyndsey_Ollard_-_Catching_Up,compression_l4,-25.84,-32.27,6.43,-2.061,0.999
Juliet's_Rescue_-_Heartbeats,original,-26.19,-26.19,0.0,-0.007,0.999
Juliet's_Rescue_-_Heartbeats,reverb_l1,-26.19,-27.3,1.11,-0.183,0.999
Juliet's_Rescue_-_Heartbeats,reverb_l2,-26.19,-26.72,0.53,0.0,0.9974
Juliet's_Rescue_-_Heartbeats,reverb_l3,-26.19,-22.68,-3.51,0.0,0.9034
Juliet's_Rescue_-_Heartbeats,reverb_l4,-26.19,-18.4,-7.79,0.0,0.8912
Juliet's_Rescue_-_Heartbeats,delay_l1,-26.19,-25.55,-0.64,0.0,0.9496
Juliet's_Rescue_-_Heartbeats,delay_l2,-26.19,-24.98,-1.21,0.0,0.9634
Juliet's_Rescue_-_Heartbeats,delay_l3,-26.19,-24.5,-1.69,0.0,0.967
Juliet's_Rescue_-_Heartbeats,delay_l4,-26.19,-24.06,-2.13,0.0,0.9337
Juliet's_Rescue_-_Heartbeats,bitcrush_l1,-26.19,-26.19,0.0,-0.329,0.999
Juliet's_Rescue_-_Heartbeats,bitcrush_l2,-26.19,-26.19,0.0,-0.337,0.999
Juliet's_Rescue_-_Heartbeats,bitcrush_l3,-26.19,-26.19,-0.0,-0.336,0.999
Juliet's_Rescue_-_Heartbeats,bitcrush_l4,-26.19,-26.12,-0.07,-0.317,0.999
Juliet's_Rescue_-_Heartbeats,compression_l1,-26.19,-27.88,1.69,0.0,0.9743
Juliet's_Rescue_-_Heartbeats,compression_l2,-26.19,-30.9,4.71,0.0,0.9406
Juliet's_Rescue_-_Heartbeats,compression_l3,-26.19,-30.9,4.71,0.0,0.9263
Juliet's_Rescue_-_Heartbeats,compression_l4,-26.19,-32.49,6.3,0.0,0.9926
Little_Chicago's_Finest_-_My_Own,original,-28.06,-28.06,0.0,0.0,0.5877
Little_Chicago's_Finest_-_My_Own,reverb_l1,-28.06,-28.92,0.86,0.0,0.5623
Little_Chicago's_Finest_-_My_Own,reverb_l2,-28.06,-25.86,-2.2,0.0,0.5137
Little_Chicago's_Finest_-_My_Own,reverb_l3,-28.06,-20.16,-7.9,0.0,0.5649
Little_Chicago's_Finest_-_My_Own,reverb_l4,-28.06,-15.59,-12.47,0.0,0.5673
Little_Chicago's_Finest_-_My_Own,delay_l1,-28.06,-27.44,-0.62,0.0,0.5405
Little_Chicago's_Finest_-_My_Own,delay_l2,-28.06,-26.92,-1.14,0.0,0.5239
Little_Chicago's_Finest_-_My_Own,delay_l3,-28.06,-26.37,-1.69,0.0,0.5393
Little_Chicago's_Finest_-_My_Own,delay_l4,-28.06,-25.94,-2.12,0.0,0.4956
Little_Chicago's_Finest_-_My_Own,bitcrush_l1,-28.06,-28.07,0.01,0.0,0.6358
Little_Chicago's_Finest_-_My_Own,bitcrush_l2,-28.06,-28.07,0.01,0.0,0.6353
Little_Chicago's_Finest_-_My_Own,bitcrush_l3,-28.06,-28.06,-0.01,0.0,0.6387
Little_Chicago's_Finest_-_My_Own,bitcrush_l4,-28.06,-27.9,-0.17,0.0,0.6241
Little_Chicago's_Finest_-_My_Own,compression_l1,-28.06,-28.84,0.78,0.0,0.5344
Little_Chicago's_Finest_-_My_Own,compression_l2,-28.06,-30.36,2.3,0.0,0.755
Little_Chicago's_Finest_-_My_Own,compression_l3,-28.06,-29.59,1.53,-0.208,0.999
Little_Chicago's_Finest_-_My_Own,compression_l4,-28.06,-30.96,2.9,0.0,0.8027
PR_-_Oh_No,original,-34.92,-34.92,0.0,-11.514,0.999
PR_-_Oh_No,reverb_l1,-34.92,-36.04,1.12,-11.6,0.999
PR_-_Oh_No,reverb_l2,-34.92,-35.44,0.51,-11.371,0.999
PR_-_Oh_No,reverb_l3,-34.92,-31.33,-3.59,-10.705,0.999
PR_-_Oh_No,reverb_l4,-34.92,-27.03,-7.9,-10.312,0.999
PR_-_Oh_No,delay_l1,-34.92,-34.59,-0.33,-11.446,0.999
PR_-_Oh_No,delay_l2,-34.92,-33.56,-1.36,-11.247,0.999
PR_-_Oh_No,delay_l3,-34.92,-33.61,-1.31,-11.256,0.999
PR_-_Oh_No,delay_l4,-34.92,-32.96,-1.96,-11.14,0.999
PR_-_Oh_No,bitcrush_l1,-34.92,-34.93,0.0,-11.515,0.999
PR_-_Oh_No,bitcrush_l2,-34.92,-34.92,0.0,-11.517,0.999
PR_-_Oh_No,bitcrush_l3,-34.92,-34.91,-0.01,-11.518,0.999
PR_-_Oh_No,bitcrush_l4,-34.92,-34.77,-0.15,-11.471,0.999
PR_-_Oh_No,compression_l1,-34.92,-36.18,1.26,-11.176,0.999
PR_-_Oh_No,compression_l2,-34.92,-37.64,2.72,-11.821,0.999
PR_-_Oh_No,compression_l3,-34.92,-35.95,1.03,-11.609,0.999
PR_-_Oh_No,compression_l4,-34.92,-36.11,1.19,-11.914,0.999
Louis_Cressy_Band_-_Good_Time,original,-28.23,-28.23,0.0,0.0,0.9968
Louis_Cressy_Band_-_Good_Time,reverb_l1,-28.23,-29.15,0.92,0.0,0.9664
Louis_Cressy_Band_-_Good_Time,reverb_l2,-28.23,-27.36,-0.87,0.0,0.8964
Louis_Cressy_Band_-_Good_Time,reverb_l3,-28.23,-22.44,-5.79,0.0,0.9294
Louis_Cressy_Band_-_Good_Time,reverb_l4,-28.23,-18.03,-10.21,0.0,0.9369
Louis_Cressy_Band_-_Good_Time,delay_l1,-28.23,-27.58,-0.65,0.0,0.9644
Louis_Cressy_Band_-_Good_Time,delay_l2,-28.23,-27.03,-1.2,0.0,0.9522
Louis_Cressy_Band_-_Good_Time,delay_l3,-28.23,-26.53,-1.7,0.0,0.9547
Louis_Cressy_Band_-_Good_Time,delay_l4,-28.23,-26.1,-2.14,0.0,0.9471
Louis_Cressy_Band_-_Good_Time,bitcrush_l1,-28.23,-28.23,0.0,0.0,0.9969
Louis_Cressy_Band_-_Good_Time,bitcrush_l2,-28.23,-28.23,0.0,0.0,0.9973
Louis_Cressy_Band_-_Good_Time,bitcrush_l3,-28.23,-28.23,-0.0,0.0,0.9952
Louis_Cressy_Band_-_Good_Time,bitcrush_l4,-28.23,-28.16,-0.08,-0.015,0.999
Louis_Cressy_Band_-_Good_Time,compression_l1,-28.23,-29.96,1.73,0.0,0.9682
Louis_Cressy_Band_-_Good_Time,compression_l2,-28.23,-33.08,4.84,0.0,0.9238
Louis_Cressy_Band_-_Good_Time,compression_l3,-28.23,-33.06,4.83,-1.369,0.999
Louis_Cressy_Band_-_Good_Time,compression_l4,-28.23,-34.56,6.33,-1.954,0.999
Georgia_Wonder_-_Siren,original,-25.8,-25.8,0.0,0.0,0.9957
Georgia_Wonder_-_Siren,reverb_l1,-25.8,-26.84,1.03,0.0,0.9945
Georgia_Wonder_-_Siren,reverb_l2,-25.8,-26.08,0.28,0.0,0.9638
Georgia_Wonder_-_Siren,reverb_l3,-25.8,-21.99,-3.82,0.0,0.9483
Georgia_Wonder_-_Siren,reverb_l4,-25.8,-17.73,-8.07,0.0,0.9579
Georgia_Wonder_-_Siren,delay_l1,-25.8,-25.13,-0.68,-0.101,0.999
Georgia_Wonder_-_Siren,delay_l2,-25.8,-24.63,-1.17,0.0,0.988
Georgia_Wonder_-_Siren,delay_l3,-25.8,-24.07,-1.74,0.0,0.9694
Georgia_Wonder_-_Siren,delay_l4,-25.8,-23.69,-2.11,0.0,0.9956
Georgia_Wonder_-_Siren,bitcrush_l1,-25.8,-25.81,0.0,0.0,0.9676
Georgia_Wonder_-_Siren,bitcrush_l2,-25.8,-25.81,0.0,0.0,0.9681
Georgia_Wonder_-_Siren,bitcrush_l3,-25.8,-25.8,0.0,0.0,0.968
Georgia_Wonder_-_Siren,bitcrush_l4,-25.8,-25.74,-0.07,0.0,0.9765
Georgia_Wonder_-_Siren,compression_l1,-25.8,-27.4,1.59,0.0,0.9988
Georgia_Wonder_-_Siren,compression_l2,-25.8,-30.59,4.79,-0.715,0.999
Georgia_Wonder_-_Siren,compression_l3,-25.8,-30.8,5.0,-1.866,0.999
Georgia_Wonder_-_Siren,compression_l4,-25.8,-32.46,6.65,-5.536,0.999
Moosmusic_-_Big_Dummy_Shake,original,-23.12,-23.12,0.0,-0.041,0.999
Moosmusic_-_Big_Dummy_Shake,reverb_l1,-23.12,-24.38,1.26,0.0,0.9929
Moosmusic_-_Big_Dummy_Shake,reverb_l2,-23.12,-23.85,0.73,0.0,0.9609
Moosmusic_-_Big_Dummy_Shake,reverb_l3,-23.12,-19.51,-3.61,-0.098,0.999
Moosmusic_-_Big_Dummy_Shake,reverb_l4,-23.12,-15.07,-8.05,-0.161,0.999
Moosmusic_-_Big_Dummy_Shake,delay_l1,-23.12,-22.45,-0.66,0.0,0.9801
Moosmusic_-_Big_Dummy_Shake,delay_l2,-23.12,-21.89,-1.23,-1.0,0.999
Moosmusic_-_Big_Dummy_Shake,delay_l3,-23.12,-21.43,-1.69,0.0,0.9816
Moosmusic_-_Big_Dummy_Shake,delay_l4,-23.12,-20.95,-2.16,-0.525,0.999
Moosmusic_-_Big_Dummy_Shake,bitcrush_l1,-23.12,-23.12,0.0,-0.352,0.999
Moosmusic_-_Big_Dummy_Shake,bitcrush_l2,-23.12,-23.12,0.0,-0.348,0.999
Moosmusic_-_Big_Dummy_Shake,bitcrush_l3,-23.12,-23.12,-0.0,-0.379,0.999
Moosmusic_-_Big_Dummy_Shake,bitcrush_l4,-23.12,-23.08,-0.04,-0.429,0.999
Moosmusic_-_Big_Dummy_Shake,compression_l1,-23.12,-25.73,2.61,-0.168,0.999
Moosmusic_-_Big_Dummy_Shake,compression_l2,-23.12,-29.87,6.75,-0.712,0.999
Moosmusic_-_Big_Dummy_Shake,compression_l3,-23.12,-30.28,7.17,-1.845,0.999
Moosmusic_-_Big_Dummy_Shake,compression_l4,-23.12,-31.92,8.81,-5.368,0.999
M.E.R.C._Music_-_Knockout,original,-23.83,-23.83,0.0,-0.082,0.999
M.E.R.C._Music_-_Knockout,reverb_l1,-23.83,-24.77,0.93,0.0,0.967
M.E.R.C._Music_-_Knockout,reverb_l2,-23.83,-23.14,-0.69,0.0,0.987
M.E.R.C._Music_-_Knockout,reverb_l3,-23.83,-18.34,-5.49,-1.284,0.999
M.E.R.C._Music_-_Knockout,reverb_l4,-23.83,-13.95,-9.88,-1.427,0.999
M.E.R.C._Music_-_Knockout,delay_l1,-23.83,-23.19,-0.64,0.0,0.9932
M.E.R.C._Music_-_Knockout,delay_l2,-23.83,-22.64,-1.2,-0.25,0.999
M.E.R.C._Music_-_Knockout,delay_l3,-23.83,-22.17,-1.66,0.0,0.9246
M.E.R.C._Music_-_Knockout,delay_l4,-23.83,-21.75,-2.08,0.0,0.9322
M.E.R.C._Music_-_Knockout,bitcrush_l1,-23.83,-23.84,0.01,0.0,0.9863
M.E.R.C._Music_-_Knockout,bitcrush_l2,-23.83,-23.84,0.01,0.0,0.9863
M.E.R.C._Music_-_Knockout,bitcrush_l3,-23.83,-23.83,0.0,0.0,0.9881
M.E.R.C._Music_-_Knockout,bitcrush_l4,-23.83,-23.78,-0.05,0.0,0.9937
M.E.R.C._Music_-_Knockout,compression_l1,-23.83,-25.89,2.06,0.0,0.9852
M.E.R.C._Music_-_Knockout,compression_l2,-23.83,-29.26,5.43,0.0,0.9568
M.E.R.C._Music_-_Knockout,compression_l3,-23.83,-29.37,5.54,0.0,0.9391
M.E.R.C._Music_-_Knockout,compression_l4,-23.83,-31.11,7.28,-2.815,0.999
PR_-_Happy_Daze,original,-40.65,-40.65,0.0,-11.545,0.999
PR_-_Happy_Daze,reverb_l1,-40.65,-41.53,0.88,-11.576,0.999
PR_-_Happy_Daze,reverb_l2,-40.65,-40.25,-0.4,-11.22,0.999
PR_-_Happy_Daze,reverb_l3,-40.65,-35.87,-4.79,-10.57,0.999
PR_-_Happy_Daze,reverb_l4,-40.65,-31.61,-9.05,-10.221,0.999
PR_-_Happy_Daze,delay_l1,-40.65,-40.16,-0.5,-11.442,0.999
PR_-_Happy_Daze,delay_l2,-40.65,-39.51,-1.14,-11.315,0.999
PR_-_Happy_Daze,delay_l3,-40.65,-39.01,-1.64,-11.223,0.999
PR_-_Happy_Daze,delay_l4,-40.65,-38.57,-2.09,-11.144,0.999
PR_-_Happy_Daze,bitcrush_l1,-40.65,-40.69,0.03,-11.127,0.999
PR_-_Happy_Daze,bitcrush_l2,-40.65,-40.68,0.03,-11.124,0.999
PR_-_Happy_Daze,bitcrush_l3,-40.65,-40.66,0.01,-11.128,0.999
PR_-_Happy_Daze,bitcrush_l4,-40.65,-40.49,-0.16,-11.052,0.999
PR_-_Happy_Daze,compression_l1,-40.65,-40.77,0.12,-11.01,0.999
PR_-_Happy_Daze,compression_l2,-40.65,-41.52,0.87,-11.387,0.999
PR_-_Happy_Daze,compression_l3,-40.65,-39.46,-1.19,-11.199,0.999
PR_-_Happy_Daze,compression_l4,-40.65,-38.14,-2.52,-10.912,0.999
Motor_Tapes_-_Shore,original,-23.83,-23.83,0.0,-0.033,0.999
Motor_Tapes_-_Shore,reverb_l1,-23.83,-25.03,1.2,-0.418,0.999
Motor_Tapes_-_Shore,reverb_l2,-23.83,-24.09,0.26,-0.615,0.999
Motor_Tapes_-_Shore,reverb_l3,-23.83,-19.47,-4.36,-0.905,0.999
Motor_Tapes_-_Shore,reverb_l4,-23.83,-15.02,-8.81,-1.506,0.999
Motor_Tapes_-_Shore,delay_l1,-23.83,-23.28,-0.55,-0.499,0.999
Motor_Tapes_-_Shore,delay_l2,-23.83,-22.62,-1.21,-0.933,0.999
Motor_Tapes_-_Shore,delay_l3,-23.83,-22.04,-1.8,-0.938,0.999
Motor_Tapes_-_Shore,delay_l4,-23.83,-21.58,-2.25,-0.283,0.999
Motor_Tapes_-_Shore,bitcrush_l1,-23.83,-23.83,0.0,-0.379,0.999
Motor_Tapes_-_Shore,bitcrush_l2,-23.83,-23.83,0.0,-0.379,0.999
Motor_Tapes_-_Shore,bitcrush_l3,-23.83,-23.83,-0.0,-0.41,0.999
Motor_Tapes_-_Shore,bitcrush_l4,-23.83,-23.79,-0.04,-0.452,0.999
Motor_Tapes_-_Shore,compression_l1,-23.83,-26.63,2.8,0.0,0.9427
Motor_Tapes_-_Shore,compression_l2,-23.83,-30.72,6.89,0.0,0.899
Motor_Tapes_-_Shore,compression_l3,-23.83,-31.09,7.26,-1.528,0.999
Motor_Tapes_-_Shore,compression_l4,-23.83,-32.68,8.85,-4.208,0.999
Mu_-_Too_Bright,original,-25.52,-25.52,0.0,-0.025,0.999
Mu_-_Too_Bright,reverb_l1,-25.52,-26.68,1.16,0.0,0.9873
Mu_-_Too_Bright,reverb_l2,-25.52,-26.28,0.76,-0.531,0.999
Mu_-_Too_Bright,reverb_l3,-25.52,-22.33,-3.19,-0.979,0.999
Mu_-_Too_Bright,reverb_l4,-25.52,-18.04,-7.48,-1.032,0.999
Mu_-_Too_Bright,delay_l1,-25.52,-24.86,-0.66,-0.155,0.999
Mu_-_Too_Bright,delay_l2,-25.52,-24.35,-1.16,-0.494,0.999
Mu_-_Too_Bright,delay_l3,-25.52,-23.83,-1.68,-0.438,0.999
Mu_-_Too_Bright,delay_l4,-25.52,-23.41,-2.1,-0.723,0.999
Mu_-_Too_Bright,bitcrush_l1,-25.52,-25.52,0.0,-0.004,0.999
Mu_-_Too_Bright,bitcrush_l2,-25.52,-25.52,0.0,0.0,0.9985
Mu_-_Too_Bright,bitcrush_l3,-25.52,-25.52,-0.0,-0.012,0.999
Mu_-_Too_Bright,bitcrush_l4,-25.52,-25.44,-0.07,0.0,0.9961
Mu_-_Too_Bright,compression_l1,-25.52,-27.08,1.56,-0.013,0.999
Mu_-_Too_Bright,compression_l2,-25.52,-30.14,4.62,-0.078,0.999
Mu_-_Too_Bright,compression_l3,-25.52,-30.25,4.74,-0.448,0.999
Mu_-_Too_Bright,compression_l4,-25.52,-31.81,6.29,-4.749,0.999
Punkdisco_-_Oral_Hygiene,original,-30.52,-30.52,0.0,0.0,0.9952
Punkdisco_-_Oral_Hygiene,reverb_l1,-30.52,-31.68,1.16,0.0,0.9951
Punkdisco_-_Oral_Hygiene,reverb_l2,-30.52,-31.4,0.89,-0.028,0.999
Punkdisco_-_Oral_Hygiene,reverb_l3,-30.52,-27.63,-2.88,0.0,0.9987
Punkdisco_-_Oral_Hygiene,reverb_l4,-30.52,-23.39,-7.12,0.0,0.9957
Punkdisco_-_Oral_Hygiene,delay_l1,-30.52,-29.85,-0.66,0.0,0.9933
Punkdisco_-_Oral_Hygiene,delay_l2,-30.52,-29.33,-1.19,0.0,0.9918
Punkdisco_-_Oral_Hygiene,delay_l3,-30.52,-28.82,-1.69,0.0,0.9905
Punkdisco_-_Oral_Hygiene,delay_l4,-30.52,-28.4,-2.11,0.0,0.9895
Punkdisco_-_Oral_Hygiene,bitcrush_l1,-30.52,-30.52,0.01,0.0,0.9952
Punkdisco_-_Oral_Hygiene,bitcrush_l2,-30.52,-30.52,0.0,0.0,0.9952
Punkdisco_-_Oral_Hygiene,bitcrush_l3,-30.52,-30.51,-0.0,0.0,0.9911
Punkdisco_-_Oral_Hygiene,bitcrush_l4,-30.52,-30.42,-0.1,0.0,0.9976
Punkdisco_-_Oral_Hygiene,compression_l1,-30.52,-32.02,1.51,-0.092,0.999
Punkdisco_-_Oral_Hygiene,compression_l2,-30.52,-34.28,3.76,-0.244,0.999
Punkdisco_-_Oral_Hygiene,compression_l3,-30.52,-33.26,2.75,-0.448,0.999
Punkdisco_-_Oral_Hygiene,compression_l4,-30.52,-33.98,3.46,-3.079,0.999
Nerve_9_-_Pray_For_The_Rain,original,-24.91,-24.91,0.0,-0.035,0.999
Nerve_9_-_Pray_For_The_Rain,reverb_l1,-24.91,-26.0,1.09,-0.031,0.999
Nerve_9_-_Pray_For_The_Rain,reverb_l2,-24.91,-25.46,0.55,0.0,0.9737
Nerve_9_-_Pray_For_The_Rain,reverb_l3,-24.91,-21.52,-3.39,0.0,0.9583
Nerve_9_-_Pray_For_The_Rain,reverb_l4,-24.91,-17.28,-7.63,-0.021,0.999
Nerve_9_-_Pray_For_The_Rain,delay_l1,-24.91,-24.36,-0.55,0.0,0.9436
Nerve_9_-_Pray_For_The_Rain,delay_l2,-24.91,-23.79,-1.12,-0.56,0.999
Nerve_9_-_Pray_For_The_Rain,delay_l3,-24.91,-23.06,-1.85,0.0,0.9711
Nerve_9_-_Pray_For_The_Rain,delay_l4,-24.91,-22.89,-2.02,0.0,0.9898
Nerve_9_-_Pray_For_The_Rain,bitcrush_l1,-24.91,-24.91,0.0,0.0,0.9837
Nerve_9_-_Pray_For_The_Rain,bitcrush_l2,-24.91,-24.91,0.0,0.0,0.9837
Nerve_9_-_Pray_For_The_Rain,bitcrush_l3,-24.91,-24.91,-0.0,0.0,0.9816
Nerve_9_-_Pray_For_The_Rain,bitcrush_l4,-24.91,-24.86,-0.05,0.0,0.9949
Nerve_9_-_Pray_For_The_Rain,compression_l1,-24.91,-27.11,2.2,0.0,0.9848
Nerve_9_-_Pray_For_The_Rain,compression_l2,-24.91,-30.91,6.0,0.0,0.9885
Nerve_9_-_Pray_For_The_Rain,compression_l3,-24.91,-31.37,6.46,0.0,0.9831
Nerve_9_-_Pray_For_The_Rain,compression_l4,-24.91,-33.09,8.18,-2.456,0.999
Raft_Monk_-_Tiring,original,-24.07,-24.07,0.0,-0.036,0.999
Raft_Monk_-_Tiring,reverb_l1,-24.07,-24.74,0.67,-0.184,0.999
Raft_Monk_-_Tiring,reverb_l2,-24.07,-21.83,-2.24,-0.317,0.999
Raft_Monk_-_Tiring,reverb_l3,-24.07,-16.38,-7.69,-0.732,0.999
Raft_Monk_-_Tiring,reverb_l4,-24.07,-11.89,-12.17,-0.78,0.999
Raft_Monk_-_Tiring,delay_l1,-24.07,-23.64,-0.42,0.0,0.9896
Raft_Monk_-_Tiring,delay_l2,-24.07,-22.59,-1.48,0.0,0.9853
Raft_Monk_-_Tiring,delay_l3,-24.07,-22.26,-1.81,-0.216,0.999
Raft_Monk_-_Tiring,delay_l4,-24.07,-21.76,-2.31,-0.137,0.999
Raft_Monk_-_Tiring,bitcrush_l1,-24.07,-24.07,0.0,-0.115,0.999
Raft_Monk_-_Tiring,bitcrush_l2,-24.07,-24.07,0.0,-0.115,0.999
Raft_Monk_-_Tiring,bitcrush_l3,-24.07,-24.07,-0.0,-0.08,0.999
Raft_Monk_-_Tiring,bitcrush_l4,-24.07,-24.01,-0.05,-0.07,0.999
Raft_Monk_-_Tiring,compression_l1,-24.07,-25.9,1.84,0.0,0.9974
Raft_Monk_-_Tiring,compression_l2,-24.07,-29.45,5.38,-0.152,0.999
Raft_Monk_-_Tiring,compression_l3,-24.07,-29.88,5.82,-0.408,0.999
Raft_Monk_-_Tiring,compression_l4,-24.07,-31.7,7.64,-1.448,0.999
Signe_Jakobsen_-_What_Have_You_Done_To_Me,original,-22.81,-22.81,0.0,-0.021,0.999
Signe_Jakobsen_-_What_Have_You_Done_To_Me,reverb_l1,-22.81,-23.85,1.04,-0.04,0.999
Signe_Jakobsen_-_What_Have_You_Done_To_Me,reverb_l2,-22.81,-23.09,0.28,-0.146,0.999
Signe_Jakobsen_-_What_Have_You_Done_To_Me,reverb_l3,-22.81,-19.0,-3.82,0.0,0.989
Signe_Jakobsen_-_What_Have_You_Done_To_Me,reverb_l4,-22.81,-14.74,-8.07,0.0,0.996
Signe_Jakobsen_-_What_Have_You_Done_To_Me,delay_l1,-22.81,-22.14,-0.68,-0.908,0.999
Signe_Jakobsen_-_What_Have_You_Done_To_Me,delay_l2,-22.81,-21.61,-1.21,0.0,0.9798
Signe_Jakobsen_-_What_Have_You_Done_To_Me,delay_l3,-22.81,-21.2,-1.61,-0.239,0.999
Signe_Jakobsen_-_What_Have_You_Done_To_Me,delay_l4,-22.81,-20.7,-2.12,0.0,0.9912
Signe_Jakobsen_-_What_Have_You_Done_To_Me,bitcrush_l1,-22.81,-22.81,0.0,-0.044,0.999
Signe_Jakobsen_-_What_Have_You_Done_To_Me,bitcrush_l2,-22.81,-22.81,0.0,-0.048,0.999
Signe_Jakobsen_-_What_Have_You_Done_To_Me,bitcrush_l3,-22.81,-22.81,-0.0,-0.012,0.999
Signe_Jakobsen_-_What_Have_You_Done_To_Me,bitcrush_l4,-22.81,-22.77,-0.04,0.0,0.9903
Signe_Jakobsen_-_What_Have_You_Done_To_Me,compression_l1,-22.81,-25.15,2.34,0.0,0.9593
Signe_Jakobsen_-_What_Have_You_Done_To_Me,compression_l2,-22.81,-28.96,6.15,-2.693,0.999
Signe_Jakobsen_-_What_Have_You_Done_To_Me,compression_l3,-22.81,-29.24,6.43,-5.454,0.999
Signe_Jakobsen_-_What_Have_You_Done_To_Me,compression_l4,-22.81,-30.9,8.09,-8.268,0.999
Side_Effects_Project_-_Sing_With_Me,original,-23.33,-23.33,0.0,0.0,0.9779
Side_Effects_Project_-_Sing_With_Me,reverb_l1,-23.33,-23.31,-0.03,0.0,0.8859
Side_Effects_Project_-_Sing_With_Me,reverb_l2,-23.33,-18.55,-4.78,0.0,0.8719
Side_Effects_Project_-_Sing_With_Me,reverb_l3,-23.33,-12.59,-10.74,0.0,0.9121
Side_Effects_Project_-_Sing_With_Me,reverb_l4,-23.33,-8.06,-15.28,0.0,0.9194
Side_Effects_Project_-_Sing_With_Me,delay_l1,-23.33,-22.75,-0.59,0.0,0.9734
Side_Effects_Project_-_Sing_With_Me,delay_l2,-23.33,-22.12,-1.21,0.0,0.9984
Side_Effects_Project_-_Sing_With_Me,delay_l3,-23.33,-21.64,-1.69,0.0,0.8429
Side_Effects_Project_-_Sing_With_Me,delay_l4,-23.33,-21.21,-2.12,0.0,0.9252
Side_Effects_Project_-_Sing_With_Me,bitcrush_l1,-23.33,-23.34,0.0,0.0,0.8089
Side_Effects_Project_-_Sing_With_Me,bitcrush_l2,-23.33,-23.34,0.0,0.0,0.8079
Side_Effects_Project_-_Sing_With_Me,bitcrush_l3,-23.33,-23.33,-0.0,0.0,0.8097
Side_Effects_Project_-_Sing_With_Me,bitcrush_l4,-23.33,-23.28,-0.06,0.0,0.7988
Side_Effects_Project_-_Sing_With_Me,compression_l1,-23.33,-25.5,2.16,0.0,0.9071
Side_Effects_Project_-_Sing_With_Me,compression_l2,-23.33,-28.95,5.61,0.0,0.9003
Side_Effects_Project_-_Sing_With_Me,compression_l3,-23.33,-29.13,5.79,-0.663,0.999
Side_Effects_Project_-_Sing_With_Me,compression_l4,-23.33,-30.84,7.5,-3.049,0.999
Secretariat_-_Over_The_Top,original,-26.02,-26.02,0.0,0.0,0.9724
Secretariat_-_Over_The_Top,reverb_l1,-26.02,-27.0,0.98,0.0,0.9704
Secretariat_-_Over_The_Top,reverb_l2,-26.02,-25.43,-0.59,0.0,0.977
Secretariat_-_Over_The_Top,reverb_l3,-26.02,-20.61,-5.41,-0.244,0.999
Secretariat_-_Over_The_Top,reverb_l4,-26.02,-16.19,-9.83,-0.282,0.999
Secretariat_-_Over_The_Top,delay_l1,-26.02,-25.38,-0.64,0.0,0.982
Secretariat_-_Over_The_Top,delay_l2,-26.02,-24.83,-1.19,0.0,0.9626
Secretariat_-_Over_The_Top,delay_l3,-26.02,-24.34,-1.68,-0.275,0.999
Secretariat_-_Over_The_Top,delay_l4,-26.02,-23.86,-2.16,0.0,0.986
Secretariat_-_Over_The_Top,bitcrush_l1,-26.02,-26.02,0.0,0.0,0.9724
Secretariat_-_Over_The_Top,bitcrush_l2,-26.02,-26.02,0.0,0.0,0.9728
Secretariat_-_Over_The_Top,bitcrush_l3,-26.02,-26.02,0.0,0.0,0.9709
Secretariat_-_Over_The_Top,bitcrush_l4,-26.02,-25.97,-0.05,0.0,0.9709
Secretariat_-_Over_The_Top,compression_l1,-26.02,-27.95,1.93,0.0,0.9728
Secretariat_-_Over_The_Top,compression_l2,-26.02,-31.62,5.6,-1.945,0.999
Secretariat_-_Over_The_Top,compression_l3,-26.02,-32.08,6.06,-3.337,0.999
Secretariat_-_Over_The_Top,compression_l4,-26.02,-33.7,7.68,-6.264,0.999
Secretariat_-_Borderline,original,-24.78,-24.78,0.0,-0.757,0.999
Secretariat_-_Borderline,reverb_l1,-24.78,-25.68,0.89,-0.822,0.999
Secretariat_-_Borderline,reverb_l2,-24.78,-23.85,-0.94,-1.164,0.999
Secretariat_-_Borderline,reverb_l3,-24.78,-18.94,-5.85,-1.328,0.999
Secretariat_-_Borderline,reverb_l4,-24.78,-14.53,-10.25,-1.186,0.999
Secretariat_-_Borderline,delay_l1,-24.78,-24.19,-0.6,-1.367,0.999
Secretariat_-_Borderline,delay_l2,-24.78,-23.59,-1.2,-0.026,0.999
Secretariat_-_Borderline,delay_l3,-24.78,-23.08,-1.7,-0.476,0.999
Secretariat_-_Borderline,delay_l4,-24.78,-22.66,-2.12,-1.027,0.999
Secretariat_-_Borderline,bitcrush_l1,-24.78,-24.79,0.0,-0.758,0.999
Secretariat_-_Borderline,bitcrush_l2,-24.78,-24.79,0.0,-0.766,0.999
Secretariat_-_Borderline,bitcrush_l3,-24.78,-24.78,-0.0,-0.75,0.999
Secretariat_-_Borderline,bitcrush_l4,-24.78,-24.74,-0.04,-0.743,0.999
Secretariat_-_Borderline,compression_l1,-24.78,-27.07,2.29,-0.663,0.999
Secretariat_-_Borderline,compression_l2,-24.78,-31.05,6.26,-0.506,0.999
Secretariat_-_Borderline,compression_l3,-24.78,-31.61,6.82,-0.405,0.999
Secretariat_-_Borderline,compression_l4,-24.78,-33.31,8.53,-4.193,0.999
Sambasevam_Shanmugam_-_Kaathaadi,original,-23.69,-23.69,0.0,0.0,0.9986
Sambasevam_Shanmugam_-_Kaathaadi,reverb_l1,-23.69,-24.54,0.85,0.0,0.9973
Sambasevam_Shanmugam_-_Kaathaadi,reverb_l2,-23.69,-23.35,-0.34,0.0,0.9553
Sambasevam_Shanmugam_-_Kaathaadi,reverb_l3,-23.69,-19.12,-4.57,0.0,0.9841
Sambasevam_Shanmugam_-_Kaathaadi,reverb_l4,-23.69,-14.91,-8.78,-0.138,0.999
Sambasevam_Shanmugam_-_Kaathaadi,delay_l1,-23.69,-23.09,-0.6,0.0,0.9849
Sambasevam_Shanmugam_-_Kaathaadi,delay_l2,-23.69,-22.41,-1.28,0.0,0.9553
Sambasevam_Shanmugam_-_Kaathaadi,delay_l3,-23.69,-21.98,-1.72,-0.281,0.999
Sambasevam_Shanmugam_-_Kaathaadi,delay_l4,-23.69,-21.58,-2.11,-0.087,0.999
Sambasevam_Shanmugam_-_Kaathaadi,bitcrush_l1,-23.69,-23.7,0.0,0.0,0.9987
Sambasevam_Shanmugam_-_Kaathaadi,bitcrush_l2,-23.69,-23.7,0.0,0.0,0.9987
Sambasevam_Shanmugam_-_Kaathaadi,bitcrush_l3,-23.69,-23.7,0.0,0.0,0.9967
Sambasevam_Shanmugam_-_Kaathaadi,bitcrush_l4,-23.69,-23.66,-0.03,-0.108,0.999
Sambasevam_Shanmugam_-_Kaathaadi,compression_l1,-23.69,-26.24,2.55,0.0,0.9985
Sambasevam_Shanmugam_-_Kaathaadi,compression_l2,-23.69,-30.43,6.74,-0.362,0.999
Sambasevam_Shanmugam_-_Kaathaadi,compression_l3,-23.69,-31.09,7.39,-2.041,0.999
Sambasevam_Shanmugam_-_Kaathaadi,compression_l4,-23.69,-32.97,9.27,-3.309,0.999
Speak_Softly_-_Broken_Man,original,-27.87,-27.87,0.0,0.0,0.9908
Speak_Softly_-_Broken_Man,reverb_l1,-27.87,-28.86,0.99,-0.075,0.999
Speak_Softly_-_Broken_Man,reverb_l2,-27.87,-28.2,0.33,-0.235,0.999
Speak_Softly_-_Broken_Man,reverb_l3,-27.87,-24.32,-3.55,-0.208,0.999
Speak_Softly_-_Broken_Man,reverb_l4,-27.87,-20.15,-7.72,-0.256,0.999
Speak_Softly_-_Broken_Man,delay_l1,-27.87,-27.25,-0.62,0.0,0.9745
Speak_Softly_-_Broken_Man,delay_l2,-27.87,-26.69,-1.17,0.0,0.9751
Speak_Softly_-_Broken_Man,delay_l3,-27.87,-26.21,-1.65,0.0,0.9841
Speak_Softly_-_Broken_Man,delay_l4,-27.87,-25.65,-2.22,-0.113,0.999
Speak_Softly_-_Broken_Man,bitcrush_l1,-27.87,-27.87,0.01,0.0,0.983
Speak_Softly_-_Broken_Man,bitcrush_l2,-27.87,-27.87,0.01,0.0,0.9839
Speak_Softly_-_Broken_Man,bitcrush_l3,-27.87,-27.86,-0.0,0.0,0.9858
Speak_Softly_-_Broken_Man,bitcrush_l4,-27.87,-27.74,-0.13,0.0,0.9766
Speak_Softly_-_Broken_Man,compression_l1,-27.87,-28.59,0.72,0.0,0.9882
Speak_Softly_-_Broken_Man,compression_l2,-27.87,-30.47,2.6,0.0,0.9782
Speak_Softly_-_Broken_Man,compression_l3,-27.87,-30.0,2.13,0.0,0.9702
Speak_Softly_-_Broken_Man,compression_l4,-27.87,-31.3,3.44,0.0,0.9651
The_Easton_Ellises_(Baumi)_-_SDRNR,original,-22.79,-22.79,0.0,0.0,0.9871
The_Easton_Ellises_(Baumi)_-_SDRNR,reverb_l1,-22.79,-24.01,1.22,0.0,0.9945
The_Easton_Ellises_(Baumi)_-_SDRNR,reverb_l2,-22.79,-23.42,0.63,0.0,0.994
The_Easton_Ellises_(Baumi)_-_SDRNR,reverb_l3,-22.79,-19.1,-3.69,-0.488,0.999
The_Easton_Ellises_(Baumi)_-_SDRNR,reverb_l4,-22.79,-14.69,-8.1,-0.833,0.999
The_Easton_Ellises_(Baumi)_-_SDRNR,delay_l1,-22.79,-22.18,-0.6,-0.158,0.999
The_Easton_Ellises_(Baumi)_-_SDRNR,delay_l2,-22.79,-21.53,-1.26,0.0,0.9763
The_Easton_Ellises_(Baumi)_-_SDRNR,delay_l3,-22.79,-21.09,-1.7,0.0,0.9802
The_Easton_Ellises_(Baumi)_-_SDRNR,delay_l4,-22.79,-20.64,-2.15,0.0,0.9778
The_Easton_Ellises_(Baumi)_-_SDRNR,bitcrush_l1,-22.79,-22.79,0.0,0.0,0.9921
The_Easton_Ellises_(Baumi)_-_SDRNR,bitcrush_l2,-22.79,-22.79,0.0,0.0,0.9911
The_Easton_Ellises_(Baumi)_-_SDRNR,bitcrush_l3,-22.79,-22.79,0.0,0.0,0.993
The_Easton_Ellises_(Baumi)_-_SDRNR,bitcrush_l4,-22.79,-22.75,-0.03,0.0,0.977
The_Easton_Ellises_(Baumi)_-_SDRNR,compression_l1,-22.79,-25.18,2.4,0.0,0.9853
The_Easton_Ellises_(Baumi)_-_SDRNR,compression_l2,-22.79,-29.55,6.76,0.0,0.9859
The_Easton_Ellises_(Baumi)_-_SDRNR,compression_l3,-22.79,-30.54,7.75,-1.286,0.999
The_Easton_Ellises_(Baumi)_-_SDRNR,compression_l4,-22.79,-32.56,9.77,-6.548,0.999
Skelpolu_-_Resurrection,original,-30.81,-30.81,0.0,0.0,0.9927
Skelpolu_-_Resurrection,reverb_l1,-30.81,-30.36,-0.45,-0.499,0.999
Skelpolu_-_Resurrection,reverb_l2,-30.81,-24.79,-6.02,-1.486,0.999
Skelpolu_-_Resurrection,reverb_l3,-30.81,-18.65,-12.16,-1.525,0.999
Skelpolu_-_Resurrection,reverb_l4,-30.81,-14.1,-16.71,-1.498,0.999
Skelpolu_-_Resurrection,delay_l1,-30.81,-30.16,-0.64,0.0,0.9325
Skelpolu_-_Resurrection,delay_l2,-30.81,-28.88,-1.92,-0.013,0.999
Skelpolu_-_Resurrection,delay_l3,-30.81,-28.93,-1.87,-0.33,0.999
Skelpolu_-_Resurrection,delay_l4,-30.81,-28.06,-2.75,0.0,0.9793
Skelpolu_-_Resurrection,bitcrush_l1,-30.81,-30.81,0.0,0.0,0.9925
Skelpolu_-_Resurrection,bitcrush_l2,-30.81,-30.81,0.0,0.0,0.992
Skelpolu_-_Resurrection,bitcrush_l3,-30.81,-30.81,-0.0,0.0,0.9939
Skelpolu_-_Resurrection,bitcrush_l4,-30.81,-30.76,-0.05,0.0,0.9769
Skelpolu_-_Resurrection,compression_l1,-30.81,-32.77,1.96,0.0,0.9681
Skelpolu_-_Resurrection,compression_l2,-30.81,-36.55,5.74,-0.162,0.999
Skelpolu_-_Resurrection,compression_l3,-30.81,-37.17,6.36,-0.669,0.999
Skelpolu_-_Resurrection,compression_l4,-30.81,-38.98,8.17,-5.758,0.999
The_Easton_Ellises_-_Falcon_69,original,-23.42,-23.42,0.0,0.0,0.9972
The_Easton_Ellises_-_Falcon_69,reverb_l1,-23.42,-24.53,1.11,0.0,0.9987
The_Easton_Ellises_-_Falcon_69,reverb_l2,-23.42,-23.65,0.23,0.0,0.9926
The_Easton_Ellises_-_Falcon_69,reverb_l3,-23.42,-19.25,-4.17,0.0,0.9793
The_Easton_Ellises_-_Falcon_69,reverb_l4,-23.42,-14.88,-8.54,0.0,0.981
The_Easton_Ellises_-_Falcon_69,delay_l1,-23.42,-22.97,-0.45,-0.046,0.999
The_Easton_Ellises_-_Falcon_69,delay_l2,-23.42,-21.91,-1.51,0.0,0.9763
The_Easton_Ellises_-_Falcon_69,delay_l3,-23.42,-21.68,-1.74,-0.603,0.999
The_Easton_Ellises_-_Falcon_69,delay_l4,-23.42,-21.19,-2.23,0.0,0.9701
The_Easton_Ellises_-_Falcon_69,bitcrush_l1,-23.42,-23.42,0.0,0.0,0.9828
The_Easton_Ellises_-_Falcon_69,bitcrush_l2,-23.42,-23.42,0.0,0.0,0.9818
The_Easton_Ellises_-_Falcon_69,bitcrush_l3,-23.42,-23.42,0.0,0.0,0.9837
The_Easton_Ellises_-_Falcon_69,bitcrush_l4,-23.42,-23.37,-0.05,0.0,0.9914
The_Easton_Ellises_-_Falcon_69,compression_l1,-23.42,-25.41,1.99,-0.066,0.999
The_Easton_Ellises_-_Falcon_69,compression_l2,-23.42,-29.01,5.59,-0.25,0.999
The_Easton_Ellises_-_Falcon_69,compression_l3,-23.42,-29.42,6.0,-0.375,0.999
The_Easton_Ellises_-_Falcon_69,compression_l4,-23.42,-31.24,7.82,-1.209,0.999
The_Mountaineering_Club_-_Mallory,original,-28.6,-28.6,0.0,0.0,0.985
The_Mountaineering_Club_-_Mallory,reverb_l1,-28.6,-29.67,1.07,0.0,0.9814
The_Mountaineering_Club_-_Mallory,reverb_l2,-28.6,-28.68,0.08,0.0,0.9688
The_Mountaineering_Club_-_Mallory,reverb_l3,-28.6,-24.25,-4.35,0.0,0.9558
The_Mountaineering_Club_-_Mallory,reverb_l4,-28.6,-19.89,-8.71,0.0,0.9506
The_Mountaineering_Club_-_Mallory,delay_l1,-28.6,-27.95,-0.65,0.0,0.9762
The_Mountaineering_Club_-_Mallory,delay_l2,-28.6,-27.47,-1.13,0.0,0.9723
The_Mountaineering_Club_-_Mallory,delay_l3,-28.6,-26.93,-1.67,0.0,0.9559
The_Mountaineering_Club_-_Mallory,delay_l4,-28.6,-26.54,-2.06,-0.259,0.999
The_Mountaineering_Club_-_Mallory,bitcrush_l1,-28.6,-28.61,0.01,0.0,0.9869
The_Mountaineering_Club_-_Mallory,bitcrush_l2,-28.6,-28.61,0.0,0.0,0.9859
The_Mountaineering_Club_-_Mallory,bitcrush_l3,-28.6,-28.6,-0.0,0.0,0.9898
The_Mountaineering_Club_-_Mallory,bitcrush_l4,-28.6,-28.53,-0.08,0.0,0.9895
The_Mountaineering_Club_-_Mallory,compression_l1,-28.6,-30.26,1.65,0.0,0.9828
The_Mountaineering_Club_-_Mallory,compression_l2,-28.6,-33.12,4.52,0.0,0.9786
The_Mountaineering_Club_-_Mallory,compression_l3,-28.6,-32.72,4.12,0.0,0.9764
The_Mountaineering_Club_-_Mallory,compression_l4,-28.6,-33.82,5.22,-0.539,0.999
Speak_Softly_-_Like_Horses,original,-22.39,-22.39,0.0,0.0,0.9965
Speak_Softly_-_Like_Horses,reverb_l1,-22.39,-23.77,1.38,-0.039,0.999
Speak_Softly_-_Like_Horses,reverb_l2,-22.39,-24.0,1.61,-0.122,0.999
Speak_Softly_-_Like_Horses,reverb_l3,-22.39,-20.27,-2.12,-0.204,0.999
Speak_Softly_-_Like_Horses,reverb_l4,-22.39,-15.87,-6.52,-0.195,0.999
Speak_Softly_-_Like_Horses,delay_l1,-22.39,-21.93,-0.46,0.0,0.9953
Speak_Softly_-_Like_Horses,delay_l2,-22.39,-21.43,-0.96,-0.018,0.999
Speak_Softly_-_Like_Horses,delay_l3,-22.39,-20.43,-1.96,0.0,0.9896
Speak_Softly_-_Like_Horses,delay_l4,-22.39,-20.23,-2.16,0.0,0.99
Speak_Softly_-_Like_Horses,bitcrush_l1,-22.39,-22.39,0.0,0.0,0.9698
Speak_Softly_-_Like_Horses,bitcrush_l2,-22.39,-22.39,0.0,0.0,0.9708
Speak_Softly_-_Like_Horses,bitcrush_l3,-22.39,-22.39,0.0,0.0,0.9708
Speak_Softly_-_Like_Horses,bitcrush_l4,-22.39,-22.35,-0.04,0.0,0.9707
Speak_Softly_-_Like_Horses,compression_l1,-22.39,-24.65,2.26,-0.02,0.999
Speak_Softly_-_Like_Horses,compression_l2,-22.39,-28.62,6.23,-0.116,0.999
Speak_Softly_-_Like_Horses,compression_l3,-22.39,-29.28,6.89,-0.343,0.999
Speak_Softly_-_Like_Horses,compression_l4,-22.39,-31.08,8.69,-3.938,0.999
The_Doppler_Shift_-_Atrophy,original,-24.58,-24.58,0.0,0.0,0.9949
The_Doppler_Shift_-_Atrophy,reverb_l1,-24.58,-25.6,1.03,-0.052,0.999
The_Doppler_Shift_-_Atrophy,reverb_l2,-24.58,-24.93,0.36,-0.69,0.999
The_Doppler_Shift_-_Atrophy,reverb_l3,-24.58,-20.97,-3.61,-0.512,0.999
The_Doppler_Shift_-_Atrophy,reverb_l4,-24.58,-16.75,-7.82,-0.192,0.999
The_Doppler_Shift_-_Atrophy,delay_l1,-24.58,-23.96,-0.61,-0.014,0.999
The_Doppler_Shift_-_Atrophy,delay_l2,-24.58,-23.42,-1.15,-0.36,0.999
The_Doppler_Shift_-_Atrophy,delay_l3,-24.58,-22.88,-1.7,0.0,0.9984
The_Doppler_Shift_-_Atrophy,delay_l4,-24.58,-22.46,-2.12,0.0,0.9977
The_Doppler_Shift_-_Atrophy,bitcrush_l1,-24.58,-24.58,0.0,0.0,0.9903
The_Doppler_Shift_-_Atrophy,bitcrush_l2,-24.58,-24.58,0.0,0.0,0.9898
The_Doppler_Shift_-_Atrophy,bitcrush_l3,-24.58,-24.57,-0.0,0.0,0.9936
The_Doppler_Shift_-_Atrophy,bitcrush_l4,-24.58,-24.52,-0.05,0.0,0.9843
The_Doppler_Shift_-_Atrophy,compression_l1,-24.58,-26.55,1.97,0.0,0.9743
The_Doppler_Shift_-_Atrophy,compression_l2,-24.58,-30.09,5.51,0.0,0.9387
The_Doppler_Shift_-_Atrophy,compression_l3,-24.58,-30.44,5.86,0.0,0.9235
The_Doppler_Shift_-_Atrophy,compression_l4,-24.58,-32.13,7.56,-1.653,0.999
Timboz_-_Pony,original,-28.84,-28.84,0.0,0.0,0.972
Timboz_-_Pony,reverb_l1,-28.84,-29.75,0.91,0.0,0.972
Timboz_-_Pony,reverb_l2,-28.84,-27.97,-0.88,0.0,0.9943
Timboz_-_Pony,reverb_l3,-28.84,-23.07,-5.78,0.0,0.9972
Timboz_-_Pony,reverb_l4,-28.84,-18.66,-10.19,0.0,0.9953
Timboz_-_Pony,delay_l1,-28.84,-28.19,-0.65,0.0,0.9282
Timboz_-_Pony,delay_l2,-28.84,-27.64,-1.2,0.0,0.9918
Timboz_-_Pony,delay_l3,-28.84,-27.18,-1.66,-0.232,0.999
Timboz_-_Pony,delay_l4,-28.84,-26.69,-2.16,-0.05,0.999
Timboz_-_Pony,bitcrush_l1,-28.84,-28.85,0.01,0.0,0.9378
Timboz_-_Pony,bitcrush_l2,-28.84,-28.85,0.0,0.0,0.9388
Timboz_-_Pony,bitcrush_l3,-28.84,-28.84,-0.0,0.0,0.9349
Timboz_-_Pony,bitcrush_l4,-28.84,-28.72,-0.12,0.0,0.9509
Timboz_-_Pony,compression_l1,-28.84,-29.71,0.87,0.0,0.9719
Timboz_-_Pony,compression_l2,-28.84,-31.89,3.05,0.0,0.9721
Timboz_-_Pony,compression_l3,-28.84,-31.44,2.6,0.0,0.9726
Timboz_-_Pony,compression_l4,-28.84,-32.56,3.72,-3.348,0.999
Tom_McKenzie_-_Directions,original,-28.57,-28.57,0.0,0.0,0.993
Tom_McKenzie_-_Directions,reverb_l1,-28.57,-29.59,1.02,0.0,0.9925
Tom_McKenzie_-_Directions,reverb_l2,-28.57,-28.55,-0.03,0.0,0.9873
Tom_McKenzie_-_Directions,reverb_l3,-28.57,-24.15,-4.42,0.0,0.9692
Tom_McKenzie_-_Directions,reverb_l4,-28.57,-19.82,-8.75,0.0,0.9764
Tom_McKenzie_-_Directions,delay_l1,-28.57,-27.93,-0.64,0.0,0.9931
Tom_McKenzie_-_Directions,delay_l2,-28.57,-27.41,-1.16,0.0,0.9914
Tom_McKenzie_-_Directions,delay_l3,-28.57,-26.91,-1.66,0.0,0.9802
Tom_McKenzie_-_Directions,delay_l4,-28.57,-26.49,-2.08,0.0,0.985
Tom_McKenzie_-_Directions,bitcrush_l1,-28.57,-28.58,0.0,-0.085,0.999
Tom_McKenzie_-_Directions,bitcrush_l2,-28.57,-28.57,0.0,-0.085,0.999
Tom_McKenzie_-_Directions,bitcrush_l3,-28.57,-28.57,-0.01,-0.067,0.999
Tom_McKenzie_-_Directions,bitcrush_l4,-28.57,-28.45,-0.12,-0.191,0.999
Tom_McKenzie_-_Directions,compression_l1,-28.57,-29.67,1.1,0.0,0.9864
Tom_McKenzie_-_Directions,compression_l2,-28.57,-31.87,3.3,0.0,0.9791
Tom_McKenzie_-_Directions,compression_l3,-28.57,-31.34,2.77,0.0,0.977
Tom_McKenzie_-_Directions,compression_l4,-28.57,-32.63,4.06,0.0,0.997
The_Sunshine_Garcia_Band_-_For_I_Am_The_Moon,original,-24.02,-24.02,0.0,0.0,0.9777
The_Sunshine_Garcia_Band_-_For_I_Am_The_Moon,reverb_l1,-24.02,-25.1,1.08,0.0,0.9806
The_Sunshine_Garcia_Band_-_For_I_Am_The_Moon,reverb_l2,-24.02,-24.43,0.41,0.0,0.9885
The_Sunshine_Garcia_Band_-_For_I_Am_The_Moon,reverb_l3,-24.02,-20.34,-3.68,0.0,0.9956
The_Sunshine_Garcia_Band_-_For_I_Am_The_Moon,reverb_l4,-24.02,-16.06,-7.96,-0.181,0.999
The_Sunshine_Garcia_Band_-_For_I_Am_The_Moon,delay_l1,-24.02,-23.36,-0.65,-0.267,0.999
The_Sunshine_Garcia_Band_-_For_I_Am_The_Moon,delay_l2,-24.02,-22.81,-1.2,0.0,0.9701
The_Sunshine_Garcia_Band_-_For_I_Am_The_Moon,delay_l3,-24.02,-22.33,-1.69,0.0,0.9626
The_Sunshine_Garcia_Band_-_For_I_Am_The_Moon,delay_l4,-24.02,-21.88,-2.13,0.0,0.9579
The_Sunshine_Garcia_Band_-_For_I_Am_The_Moon,bitcrush_l1,-24.02,-24.02,0.0,0.0,0.9827
The_Sunshine_Garcia_Band_-_For_I_Am_The_Moon,bitcrush_l2,-24.02,-24.02,0.0,0.0,0.9817
The_Sunshine_Garcia_Band_-_For_I_Am_The_Moon,bitcrush_l3,-24.02,-24.02,0.0,0.0,0.9837
The_Sunshine_Garcia_Band_-_For_I_Am_The_Moon,bitcrush_l4,-24.02,-23.95,-0.07,0.0,0.9888
The_Sunshine_Garcia_Band_-_For_I_Am_The_Moon,compression_l1,-24.02,-25.59,1.57,0.0,0.9779
The_Sunshine_Garcia_Band_-_For_I_Am_The_Moon,compression_l2,-24.02,-28.73,4.72,0.0,0.9787
The_Sunshine_Garcia_Band_-_For_I_Am_The_Moon,compression_l3,-24.02,-28.96,4.94,0.0,0.9794
The_Sunshine_Garcia_Band_-_For_I_Am_The_Moon,compression_l4,-24.02,-30.7,6.68,-1.797,0.999
The_Long_Wait_-_Dark_Horses,original,-28.08,-28.08,0.0,0.0,0.9965
The_Long_Wait_-_Dark_Horses,reverb_l1,-28.08,-29.23,1.15,0.0,0.9864
The_Long_Wait_-_Dark_Horses,reverb_l2,-28.08,-28.87,0.79,0.0,0.963
The_Long_Wait_-_Dark_Horses,reverb_l3,-28.08,-24.98,-3.09,0.0,0.9451
The_Long_Wait_-_Dark_Horses,reverb_l4,-28.08,-20.72,-7.36,0.0,0.9398
The_Long_Wait_-_Dark_Horses,delay_l1,-28.08,-27.42,-0.66,-0.325,0.999
The_Long_Wait_-_Dark_Horses,delay_l2,-28.08,-26.88,-1.2,0.0,0.9362
The_Long_Wait_-_Dark_Horses,delay_l3,-28.08,-26.39,-1.69,0.0,0.9608
The_Long_Wait_-_Dark_Horses,delay_l4,-28.08,-25.96,-2.11,-0.174,0.999
The_Long_Wait_-_Dark_Horses,bitcrush_l1,-28.08,-28.08,0.01,0.0,0.992
The_Long_Wait_-_Dark_Horses,bitcrush_l2,-28.08,-28.08,0.01,0.0,0.993
The_Long_Wait_-_Dark_Horses,bitcrush_l3,-28.08,-28.08,-0.0,0.0,0.995
The_Long_Wait_-_Dark_Horses,bitcrush_l4,-28.08,-27.97,-0.11,0.0,0.9794
The_Long_Wait_-_Dark_Horses,compression_l1,-28.08,-29.12,1.05,0.0,0.9963
The_Long_Wait_-_Dark_Horses,compression_l2,-28.08,-31.43,3.36,0.0,0.9947
The_Long_Wait_-_Dark_Horses,compression_l3,-28.08,-31.14,3.06,0.0,0.993
The_Long_Wait_-_Dark_Horses,compression_l4,-28.08,-32.51,4.44,-0.772,0.999
We_Fell_From_The_Sky_-_Not_You,original,-29.45,-29.45,0.0,0.0,0.9966
We_Fell_From_The_Sky_-_Not_You,reverb_l1,-29.45,-30.5,1.05,0.0,0.9608
We_Fell_From_The_Sky_-_Not_You,reverb_l2,-29.45,-29.83,0.38,0.0,0.942
We_Fell_From_The_Sky_-_Not_You,reverb_l3,-29.45,-25.81,-3.64,0.0,0.895
We_Fell_From_The_Sky_-_Not_You,reverb_l4,-29.45,-21.57,-7.88,0.0,0.9071
We_Fell_From_The_Sky_-_Not_You,delay_l1,-29.45,-28.8,-0.65,0.0,0.9934
We_Fell_From_The_Sky_-_Not_You,delay_l2,-29.45,-28.24,-1.21,0.0,0.966
We_Fell_From_The_Sky_-_Not_You,delay_l3,-29.45,-27.76,-1.69,0.0,0.9294
We_Fell_From_The_Sky_-_Not_You,delay_l4,-29.45,-27.34,-2.1,0.0,0.9271
We_Fell_From_The_Sky_-_Not_You,bitcrush_l1,-29.45,-29.45,0.0,0.0,0.9828
We_Fell_From_The_Sky_-_Not_You,bitcrush_l2,-29.45,-29.45,0.0,0.0,0.9823
We_Fell_From_The_Sky_-_Not_You,bitcrush_l3,-29.45,-29.44,-0.01,0.0,0.98
We_Fell_From_The_Sky_-_Not_You,bitcrush_l4,-29.45,-29.31,-0.13,0.0,0.9746
We_Fell_From_The_Sky_-_Not_You,compression_l1,-29.45,-30.6,1.16,0.0,0.9262
We_Fell_From_The_Sky_-_Not_You,compression_l2,-29.45,-32.62,3.18,0.0,0.8937
We_Fell_From_The_Sky_-_Not_You,compression_l3,-29.45,-31.94,2.49,0.0,0.9166
We_Fell_From_The_Sky_-_Not_You,compression_l4,-29.45,-33.24,3.8,-0.545,0.999
Triviul_feat._The_Fiend_-_Widow,original,-23.5,-23.5,0.0,-0.272,0.999
Triviul_feat._The_Fiend_-_Widow,reverb_l1,-23.5,-24.64,1.14,0.0,0.9974
Triviul_feat._The_Fiend_-_Widow,reverb_l2,-23.5,-24.23,0.72,0.0,0.89
Triviul_feat._The_Fiend_-_Widow,reverb_l3,-23.5,-20.32,-3.18,0.0,0.9005
Triviul_feat._The_Fiend_-_Widow,reverb_l4,-23.5,-16.06,-7.44,0.0,0.9128
Triviul_feat._The_Fiend_-_Widow,delay_l1,-23.5,-22.78,-0.73,0.0,0.9717
Triviul_feat._The_Fiend_-_Widow,delay_l2,-23.5,-22.3,-1.21,-0.281,0.999
Triviul_feat._The_Fiend_-_Widow,delay_l3,-23.5,-21.81,-1.69,-0.075,0.999
Triviul_feat._The_Fiend_-_Widow,delay_l4,-23.5,-21.37,-2.14,0.0,0.9858
Triviul_feat._The_Fiend_-_Widow,bitcrush_l1,-23.5,-23.51,0.0,0.0,0.9798
Triviul_feat._The_Fiend_-_Widow,bitcrush_l2,-23.5,-23.51,0.0,0.0,0.9788
Triviul_feat._The_Fiend_-_Widow,bitcrush_l3,-23.5,-23.5,-0.0,0.0,0.9787
Triviul_feat._The_Fiend_-_Widow,bitcrush_l4,-23.5,-23.45,-0.06,0.0,0.9695
Triviul_feat._The_Fiend_-_Widow,compression_l1,-23.5,-25.37,1.87,-0.028,0.999
Triviul_feat._The_Fiend_-_Widow,compression_l2,-23.5,-28.86,5.36,0.0,0.9618
Triviul_feat._The_Fiend_-_Widow,compression_l3,-23.5,-29.24,5.73,0.0,0.9396
Triviul_feat._The_Fiend_-_Widow,compression_l4,-23.5,-31.03,7.53,-4.893,0.999
Zeno_-_Signs,original,-23.48,-23.48,0.0,0.0,0.9874
Zeno_-_Signs,reverb_l1,-23.48,-24.62,1.14,0.0,0.9978
Zeno_-_Signs,reverb_l2,-23.48,-24.09,0.61,-0.909,0.999
Zeno_-_Signs,reverb_l3,-23.48,-20.02,-3.46,-0.796,0.999
Zeno_-_Signs,reverb_l4,-23.48,-15.71,-7.77,-0.468,0.999
Zeno_-_Signs,delay_l1,-23.48,-22.89,-0.59,-0.109,0.999
Zeno_-_Signs,delay_l2,-23.48,-22.27,-1.21,-0.529,0.999
Zeno_-_Signs,delay_l3,-23.48,-21.75,-1.73,0.0,0.9686
Zeno_-_Signs,delay_l4,-23.48,-21.35,-2.13,-1.153,0.999
Zeno_-_Signs,bitcrush_l1,-23.48,-23.48,0.0,0.0,0.9807
Zeno_-_Signs,bitcrush_l2,-23.48,-23.48,0.0,0.0,0.9802
Zeno_-_Signs,bitcrush_l3,-23.48,-23.48,0.0,0.0,0.9841
Zeno_-_Signs,bitcrush_l4,-23.48,-23.44,-0.04,0.0,0.9834
Zeno_-_Signs,compression_l1,-23.48,-25.78,2.3,0.0,0.9733
Zeno_-_Signs,compression_l2,-23.48,-29.85,6.37,-3.44,0.999
Zeno_-_Signs,compression_l3,-23.48,-30.39,6.91,-7.378,0.999
Zeno_-_Signs,compression_l4,-23.48,-31.91,8.43,-8.53,0.999
